#E (m, CH1903);642070.33
#N (m, CH1903);155413.52
#Z (m, CH1903);3381.26
#azimuth (deg);204.6
#inclination angle (deg);45.1
#effective area (cm2);25.2
#exposure time (sec);4.12E+06
slope x;slope y
0.6210117;-0.009025
-0.097999;0.3078904
-0.819985;-0.101263
-0.867663;-0.117129
-0.870792;0.5070946
-1.02339;-0.430834
-0.442313;0.0787736
-0.654762;-0.619103
-0.86703;-0.535818
-1.120537;0.1071706
-0.437416;0.2424644
0.6330581;0.2804469
-0.474228;-0.412852
0.3876709;0.2096454
-0.501256;0.0246529
0.3928792;0.8995585
-0.081995;0.0103971
-0.922795;-0.429907
0.2091637;0.663892
-0.712343;0.1372156
-0.527931;-0.543792
-0.291111;0.0630955
-0.579002;-0.522026
-0.188099;0.9572584
0.2179363;0.3461666
0.4119411;-0.198439
-0.868014;0.7890076
-1.119653;0.0611197
0.3850755;0.1166147
-0.521411;-0.253546
-0.959803;0.067298
-0.557978;-0.09594
-0.980068;0.2816587
-0.154065;-0.009324
1.2529951;-0.23441
0.3674282;-0.205423
-0.08462;0.0352602
-0.278488;-0.484105
-0.493239;0.760146
-0.498233;-0.604104
-0.369773;-0.08313
0.5922808;0.0473426
-0.558822;-0.05321
-0.171594;-0.304264
-0.47253;-0.198815
-0.480322;0.0612805
-0.698807;-0.028861
-0.189162;-0.084262
-0.362741;0.2690226
-0.570112;-0.5606
-1.132464;-0.104977
0.2032959;-0.716457
0.1807994;-0.279563
-0.51825;-0.081376
0.5197803;0.6828904
-0.688312;0.3920415
-1.125657;-0.723397
-0.148869;0.0942666
-1.07703;-0.298356
-0.079153;-0.274176
-0.123475;-0.328188
-1.079844;-0.470638
-1.272923;0.2542593
-1.057219;0.6238732
-0.534001;0.4379365
-0.215827;-0.006954
-0.718571;-0.061366
-0.099866;0.2772722
0.6054034;-0.034313
0.367759;-0.423488
-0.448597;0.3206414
-0.741893;0.503794
-0.54325;0.6164929
0.069173;-0.325943
-0.453974;-0.324182
0.0850677;-0.34523
-1.053596;-0.037321
-0.750942;-0.017256
-0.521107;0.4895629
0.053459;-0.682253
-0.671097;0.2175096
-0.164414;0.2920576
-1.213912;-0.138011
-0.340381;0.1982085
-0.340416;0.4924019
-0.039369;0.6419438
-0.974894;0.3398577
-0.611904;0.3441471
-0.546739;0.4469037
-0.663104;0.2324752
-0.179574;0.5745973
-0.236147;0.5733725
-0.618698;0.2533537
-0.321028;0.281659
1.1832269;-0.007106
-0.038339;-0.757804
-0.776023;-0.041551
-0.408922;0.5056675
-0.138146;-0.151105
-0.051651;0.2069618
-0.396773;0.5705646
0.047747;0.3302961
-0.533486;0.0031189
-0.044293;0.0849025
1.0400781;-0.102001
0.0672369;-0.421614
0.5871778;0.5662308
-0.156634;0.2261763
-0.838427;-0.01848
-0.06345;-0.249739
-0.431452;-0.291089
-0.1867;0.4282169
-0.473168;0.3538409
-0.123161;0.7858158
-0.322098;-0.647877
-1.154234;-0.329829
-0.405658;0.1642939
-0.922445;-0.23294
-0.464669;0.3228359
0.1333633;0.3593936
-0.604523;-0.003029
-0.661894;-0.213047
-1.142917;0.4182462
-0.456411;0.1697932
-0.525644;0.5179916
-0.421316;0.4507612
-0.593549;-0.095502
-0.467155;-0.443383
0.1115408;-0.029316
-0.224357;0.0057269
-0.290543;0.8506576
-0.129216;0.2324324
-0.029157;-0.223496
-0.418855;-0.103677
-0.44451;-0.49234
-0.176436;-0.348867
-0.618631;0.3955691
-0.38044;0.3061715
0.1504634;-0.430331
-0.141542;0.3714505
-0.1862;-0.046992
-0.482186;-0.435535
-1.007649;-0.286288
0.9745308;0.7845314
-0.537668;-0.071834
-0.999324;-0.215148
-0.09657;-0.435788
-0.668176;0.4152671
-0.348685;0.4486159
-0.84854;0.2950505
0.4277527;0.2770361
-0.654104;-0.507058
-0.002969;-0.150389
-0.568766;-0.648723
-0.124253;-0.025914
0.2349233;0.0069281
-0.589631;-0.540689
-0.600154;1.1746958
-0.900989;0.7592714
-0.858175;-0.101537
-0.80015;-0.118171
0.3734226;0.1455171
-0.019025;-0.012413
1.0617539;0.1778994
-0.093962;-0.205345
0.0826509;0.501372
0.3245034;-0.336521
-0.385504;0.5508065
0.1622346;-0.12036
-0.545113;0.6422455
-0.259901;-0.501449
-0.4503;0.5173756
-0.966231;-0.422208
-0.71605;-0.856241
-0.45475;-0.418015
-1.201525;0.5001071
-0.534374;0.117785
-0.192431;-0.647904
-0.085396;0.259491
-0.517277;-0.521213
-0.47106;0.4041967
-0.070915;0.4416628
-0.337881;0.6836266
-1.351591;-0.107315
-0.787662;-0.213706
-0.056408;0.19788
-0.572644;-0.130613
0.3602813;0.8692188
-0.444838;0.7766322
-0.452389;0.0619422
-0.800248;0.3379604
-0.570236;0.4896213
-0.771565;-0.087228
-0.389202;0.1127898
-0.21217;-0.659886
0.4285968;1.0083048
0.9005087;0.1101542
-0.336451;0.5141388
-1.244498;0.0982292
-1.212293;0.2775155
-0.043767;0.3917278
-0.038213;-0.066389
0.4347428;0.2890894
-0.810475;-0.103198
-0.260517;-0.38054
-0.71396;1.0009564
-1.0609;0.026009
-0.324364;-0.073492
0.5303035;0.8797598
-0.43973;-0.067516
0.3948203;0.8630391
0.194516;0.9742196
0.2076508;0.3386292
-0.775338;-0.340069
-0.750963;-0.611935
0.57754;0.3911854
-0.900298;0.4616508
1.016565;-0.266402
-0.42621;0.2170948
-0.691772;-0.137009
-1.045987;0.1560757
-0.611019;-0.274066
-0.743324;0.3521589
0.195337;0.448481
0.3864248;0.1239307
-0.10949;0.0380321
-0.958308;0.0342295
-0.546408;0.3818771
-0.953424;-0.797721
-0.689932;-0.217898
-0.589874;-0.064856
0.7950384;0.1057994
0.2144246;0.1325836
-0.130496;0.4346342
1.0215765;0.7306788
-0.271192;0.7835875
-0.734986;-0.273589
-0.462746;0.3222769
-0.198504;0.0117516
0.8668584;0.1440645
0.2869594;1.1046634
0.0288028;-0.365458
-0.154903;0.2216121
0.7779968;0.7166559
-0.205245;0.1203289
-0.864598;-0.05263
-0.955952;0.029515
0.9053573;-0.186399
-0.232341;0.5997124
-1.077783;0.7686008
-0.142276;0.7415055
0.6532004;-0.415859
-0.261805;-0.160296
-0.566046;0.7550523
0.2892079;0.3561528
0.0124306;0.6551496
-1.034362;0.7720707
-0.546363;-0.167438
-0.988346;0.1655891
-0.056704;-0.21858
-0.291761;0.1642494
0.0403153;0.0184161
0.6490492;0.0762661
-0.488757;0.1018347
-0.395437;-0.561732
-0.189635;1.2882878
-0.908919;-0.337192
0.3725223;0.6403513
0.5896082;0.3711392
0.1085245;0.3943379
-0.475481;-0.018981
0.1846696;0.7236292
-0.828729;0.0894271
-0.212085;0.4668668
-0.931444;-0.037358
-1.092215;-0.462274
-0.343168;-0.067978
-0.808166;-0.49642
-0.383018;-0.36145
-0.577183;-0.76683
-0.38714;0.2106537
0.5045088;0.0725277
0.3835846;0.2183141
1.1089261;0.5751561
-0.905839;-0.677455
0.4842006;1.1299284
-0.05902;0.5678462
-0.480159;0.3383235
0.9187793;0.1687403
0.2492752;-0.658172
-0.683745;0.1669113
-0.342927;0.2576575
0.5326119;-0.591188
-0.241009;-0.22932
0.282197;0.5938909
-0.765307;-0.032274
0.091007;0.1356487
-0.076844;-0.301582
0.9252127;0.5924246
-0.059304;0.9667863
-0.233568;0.2080574
0.6351503;0.5689954
0.5101211;0.4377729
-0.413989;-0.526881
-0.625013;-0.64942
-0.015979;-0.336626
-0.197229;0.4452593
-0.63157;0.3390398
-0.779723;-0.072306
-0.759873;-0.193782
-0.543956;-0.246128
-0.568202;-0.115031
-0.230423;0.6534074
1.2380292;-0.017429
0.4994577;0.1233247
-0.461883;-0.042829
-0.296703;-0.015678
-1.068348;-0.306046
-0.024812;0.4723277
-1.08006;0.5177637
0.3680249;0.4846511
0.2265978;0.5618112
-1.005444;-0.067719
-0.659951;-0.249396
-0.424092;-0.028485
-0.604132;0.0284065
-0.57585;0.2543335
-0.69359;-0.359437
-0.32738;-0.088209
-0.564989;0.2783951
-0.392052;0.035053
-0.46896;0.9025501
-0.284606;0.7312081
1.0092113;0.4434235
-0.480789;0.1413347
0.0437813;1.1756513
-0.902242;0.465518
-0.203951;0.1422637
-0.224791;0.7108476
-0.324534;0.369266
-0.3063;0.1088418
-0.277429;0.1602152
-0.915479;-0.045707
-0.946704;0.3079291
-0.278409;0.5317956
-0.143189;-0.314147
0.3505691;0.2378265
-0.394872;-0.123164
-1.049848;0.2570342
-0.803352;0.5758064
-0.696951;0.5165919
-0.157063;-0.259232
-0.712688;0.0461263
-0.222801;0.1967719
-0.920496;-0.147367
-0.94413;0.2417079
-1.269455;-0.061943
-0.072726;-0.168289
0.606177;0.2592481
0.106271;-0.322138
0.1923023;1.0880621
-0.155825;-0.592879
-0.413681;0.8633515
-0.621316;-0.586193
-0.671241;0.3196953
0.0932069;-0.491326
-0.055845;-0.435357
-0.80661;0.3187159
-0.502749;0.0710078
0.157386;0.2604202
-0.510811;0.7601264
-0.069684;-0.563452
-0.539815;0.2812254
0.5347571;0.9013668
-0.458361;0.0408097
-0.436439;-0.386571
0.073354;0.2579977
-0.611634;-0.325538
0.6893925;0.8047519
0.4736772;0.682738
0.758193;0.3053111
-1.178093;-0.105398
-0.498457;0.4373734
-0.220859;0.4134624
0.5977973;-0.016556
-0.746635;0.1134226
-0.059612;-0.19875
-1.037821;-0.834257
-0.124267;-0.578811
-0.559884;0.704372
-1.060331;0.3597274
-0.236252;0.5732946
-0.830637;-0.275689
-0.358995;0.3248575
-0.338834;0.1925707
0.3461402;0.6278132
0.2458756;-0.087679
-0.372244;-0.07708
-0.475081;-0.522973
0.0526973;0.5686751
-0.908782;-0.720804
-0.334764;0.2892954
0.0912955;0.2442464
0.0396493;-0.014641
-1.217324;-0.261656
0.0023681;0.3330662
-0.751174;0.4397253
-0.37781;-0.559273
-0.596785;-0.006118
0.0682081;0.0735682
-1.312415;0.0006928
0.1182329;-0.2604
-0.142746;-0.364861
-0.842713;-0.031386
0.7680433;-0.079114
-0.123584;-0.617073
-0.16787;-0.235898
-0.331002;-0.243004
0.470204;0.3098188
-0.254387;0.2846279
-0.363287;0.0983669
-0.167592;0.0758328
-0.108833;0.1061904
0.224625;0.9039067
-0.406448;-0.270599
-0.570026;-0.16053
-0.283765;-0.017153
0.4052688;0.4458038
0.6541101;0.4405112
1.0554087;0.3647284
0.6496596;-0.138937
0.0110313;-0.314265
-0.211487;0.0477073
-0.70358;0.1397599
-1.289486;-0.168732
-1.11498;0.6065854
-1.209493;0.6464222
-0.260295;1.080347
-0.916623;-0.199968
-0.3291;0.1026016
0.1041344;-0.514271
-0.552782;0.4188185
0.8280093;0.521463
0.1073501;0.4575635
-0.668501;0.7428113
0.0040974;0.2321178
-0.178679;-0.062986
-0.590824;0.2089387
-0.133404;-0.028913
-0.108054;-0.342501
-0.439395;0.1139532
0.2080372;-0.443286
-0.878753;-0.080531
-0.437624;0.4322466
-0.53499;0.0236031
0.1829504;-0.408686
-0.254477;-0.027899
-1.003281;0.077524
0.2796272;-0.118786
-0.190526;-0.327663
-0.420242;0.8590317
-0.108499;0.6043198
-0.735608;1.0212537
0.0043259;0.3908294
-0.637287;0.4769229
-0.656063;0.6527225
0.3477705;0.6835986
-0.165741;0.1756672
-0.505559;-0.35954
0.7685788;0.9221877
0.7523872;0.4355676
-0.313347;0.4403399
-0.482737;0.9890677
0.2995983;0.7365959
0.5193331;0.7132037
-0.262419;-0.043815
0.1574065;0.4292873
-0.107481;-0.064105
-0.247859;-0.209098
-0.188828;-0.90768
-0.110869;0.3895147
-0.059621;0.7901228
-0.698661;0.2612864
-1.112337;-0.307522
0.6044766;0.4505787
-0.314643;0.9673035
-0.393183;1.2744463
-0.797366;0.3600027
0.1400072;-0.39395
-0.793353;0.6741116
0.4994885;-0.57443
0.6666157;0.8094455
-0.367058;-0.418313
0.0276679;0.1087098
0.0605564;0.2746035
-0.168499;-0.161073
-0.855288;0.4969005
-0.752832;-0.182203
-0.451746;-0.088262
-0.973672;0.1046402
-1.05274;0.1158985
-0.833063;-0.203805
-1.116363;0.1411745
0.628912;0.4742834
0.3153451;0.9597085
-1.202953;0.2072536
0.137285;0.6808785
-0.334115;0.9672554
0.1380589;-0.273428
0.0448084;-0.892647
-0.521296;0.2956826
-0.325636;-0.338815
-0.44486;-0.092233
0.3085722;0.8681505
-0.280638;0.3391872
0.234964;0.6520612
-0.062484;-0.443809
-0.612305;-0.358147
-0.270498;-0.865571
-0.433641;-0.25876
-0.210592;0.1755056
-0.938401;0.1278221
0.2740161;0.2783673
-0.774338;0.5148093
-0.408439;-0.309597
-0.34127;-0.49051
-0.33524;-0.499944
-0.291279;0.7429893
-0.545474;0.1384952
-0.72889;-0.523284
-0.22327;0.166976
0.1844512;0.0516508
0.159939;-0.592372
-0.300513;0.3228957
-0.36728;-0.008668
0.1985035;-0.174343
0.1211975;-0.252399
-0.607722;0.1899292
-0.522357;-0.223448
-0.447165;-0.383498
-0.651646;-0.346817
-0.411362;-0.534995
-0.655084;0.6326015
0.6272515;0.1414155
0.5007665;0.2162038
1.0037996;0.0364831
-0.6169;0.1183174
-1.214045;-0.314171
-1.066543;-0.41524
-0.522899;1.015473
0.2602591;0.6972186
0.0121689;-0.129314
0.4879091;0.5673748
-0.769052;-0.227521
-0.208924;-0.138233
-0.01824;-0.374906
-0.240195;0.4475356
0.6946784;0.1855613
-0.315437;0.1455974
0.1385496;-0.291158
-1.01337;-0.355637
-0.512698;0.511334
-0.913111;-0.747204
-0.845776;0.2842721
1.1042233;0.6005068
-0.913549;0.7258659
-0.347324;-0.015744
0.928639;-0.111185
-0.752375;0.1314763
0.2523118;0.6227843
0.1186308;0.8085562
-0.421636;0.5865165
-0.367343;-0.838935
-0.983859;0.6508538
0.2991816;0.4039487
-0.074447;0.436161
0.0303329;-0.60617
-0.014523;-0.493513
-1.092028;0.523485
-0.859231;-0.555667
0.5420325;0.2625341
-0.977517;-0.237327
-0.08771;-0.305789
0.4227014;0.2075892
0.9154366;0.5032806
-0.644064;-0.236294
-0.429748;-0.411809
-0.058265;0.410492
-0.513258;0.0836461
-0.227993;-0.113106
0.1081373;1.1149091
0.5299345;0.3781189
0.4378354;0.514402
0.3897485;1.2006409
-0.052207;0.1458519
-0.168756;-0.221852
-0.67281;0.0010302
0.3581642;0.500984
-0.52711;0.2584332
0.2238377;0.9457355
-0.895155;-0.016952
0.1405891;-0.310708
0.4051958;-0.134932
-1.194129;-0.183411
-0.537618;0.8361288
-0.216514;0.7562288
0.0378166;0.4723189
-0.037567;-0.003251
0.5170072;0.8051125
-0.318877;0.3213706
0.0846213;-0.439645
0.83436;0.3635059
0.5700891;0.8579287
-0.651198;0.5807619
0.1556185;0.8984777
-0.242711;-0.729996
-0.233461;1.3168571
-0.288282;-0.747862
-0.834524;0.5772852
0.0324259;0.3532884
-0.548437;-0.075629
0.1299592;0.2458523
-0.744009;-0.097943
-0.88352;0.7937183
-0.935079;0.0131775
-1.001398;0.1813544
-0.578955;0.2248743
0.3108974;0.9319893
-0.924407;-0.208081
-0.44645;0.396423
-0.759701;0.6634631
-0.636728;0.0913162
-0.21521;0.095158
0.7048259;0.222901
-0.463309;0.1817519
-0.799013;-0.436736
-1.211012;0.169571
0.2790998;0.7310107
0.0446973;0.8066267
0.5481078;-0.666577
0.6691896;0.2363671
-0.613739;0.1604539
-0.528162;0.6607995
0.712759;-0.033775
0.694514;0.9907056
0.0224574;-0.386117
-0.319566;0.0559439
0.6395574;1.0981192
-0.153902;-0.687952
-0.845556;-0.333967
0.4630769;1.1769236
-0.382751;-0.259255
0.6192217;-0.033219
-0.08367;-0.094183
-0.184209;-0.276181
-0.736946;0.0313249
-1.090444;0.2439168
-0.477623;0.5591112
-0.665258;0.2277294
0.3191158;0.1807086
-0.075923;-0.722816
-0.460051;-0.128687
-0.096298;0.2015922
-0.065503;-0.587179
-0.531548;-0.451445
-0.417016;-0.398869
0.2825559;0.283374
0.144675;-0.135549
-0.049166;-0.35783
-0.18199;-0.130276
-0.87003;0.4734656
-0.166528;-0.372846
-0.699009;0.1661297
-0.308139;0.2777162
0.3736533;0.7448641
-0.304018;-0.756164
0.9034339;0.0017178
-0.643041;0.7906864
0.2082174;1.0939732
-0.738383;-0.05131
0.0543356;-0.421666
-0.096491;-0.535407
-0.817951;0.8124419
-0.049257;0.3781431
-0.133778;0.5186221
-0.20441;-0.650784
-0.119092;0.4446364
-0.463745;0.5558367
0.535111;-0.008902
-0.496307;-0.22683
-0.563117;0.3372713
-1.030271;0.5803733
0.0357089;-0.094694
-0.294108;-0.309584
-0.410723;-0.148304
0.1977735;0.8807687
-1.00145;-0.38513
0.249887;0.1007283
0.2534889;-0.095672
-0.241412;-0.487977
0.1096601;-0.337925
-0.123787;-0.16735
-0.691519;0.1889334
-0.334197;0.3353444
-0.490319;0.0646831
-0.496846;-0.373885
1.2809217;0.1438161
-0.769822;-0.304396
0.209845;0.5431256
-0.60499;-0.234831
-0.648886;0.1748201
-1.133209;-0.017862
0.084697;0.7260032
-0.26116;0.7009658
0.6549148;0.557018
-0.97543;-0.800957
-0.250952;-0.333819
-0.336916;0.3794939
-0.656636;0.2121515
-0.207906;0.6649091
-0.400373;-0.056366
-1.10062;0.5374211
-0.249859;-0.2304
-0.586908;-0.30337
-0.941771;0.9186608
0.4516588;0.5866548
-0.031232;0.7464907
-0.315274;-0.614257
-0.268739;-0.557908
-0.841827;-0.097893
-1.037562;-0.00134
-0.485949;-0.063618
-0.576569;-0.495724
-1.280152;-0.220496
-0.271555;-0.417579
-0.042075;-0.358303
-0.502978;0.6891561
-0.734887;-0.104274
-0.398256;-0.092958
0.3785386;0.4710762
-0.66106;0.4835596
-0.448651;0.1573432
-0.32473;0.0285395
0.2029055;0.3328597
-0.55581;0.1841755
-0.793861;0.6994636
-0.677114;1.0808472
-1.107048;0.1162736
0.0708896;-0.464622
-1.169187;0.5609992
-0.010464;0.0196735
0.4028111;0.658631
0.5564784;1.0520317
-0.400702;-0.283084
-0.913574;-0.309282
-0.685751;-0.076323
-0.346793;0.6444875
0.5351877;-0.397019
-0.093018;-0.150018
-1.059845;0.0378267
0.0129483;0.0291011
-0.08912;-0.624567
1.1365468;0.1940065
-1.154509;0.1183448
0.5102428;-0.644621
-0.732865;-0.348596
-0.335546;0.2847652
-0.936287;-0.130121
0.5735951;0.0531771
-0.983635;-0.641933
-0.718355;0.3798762
-0.307344;0.1961826
-0.301693;0.3167557
-0.301865;-0.206566
0.1791123;0.0278576
-0.476131;-0.197371
0.678682;0.7125701
-0.448262;0.030776
0.4766785;1.2115091
-1.051804;-0.082393
0.3596933;0.05261
-0.594442;-0.112886
-0.832663;0.7254727
-0.551773;-0.651912
0.3119002;0.6410012
0.5364838;0.168085
-0.895717;0.0178226
-0.178512;0.375226
0.4615727;0.7119143
-0.494116;-0.6795
-0.61549;-0.588604
0.0647047;-0.850358
-1.033195;0.7491423
0.4776838;0.5627505
-0.134868;0.5023617
-1.189929;-0.116502
0.2182398;1.0555217
-0.135382;0.4936499
-0.57738;0.0733249
-0.00776;0.3146018
-0.602992;0.1003575
-0.301302;0.2690088
0.0269684;-0.556387
0.7979312;1.0356454
0.2588222;0.3110751
-0.256159;0.7217639
-0.14366;-0.333191
-0.168298;0.4500642
-0.74889;-0.049218
0.2829203;-0.403109
-0.290739;0.8056936
-0.381211;0.4314154
-0.313996;-0.438145
0.6361377;0.2768263
0.2210746;0.2677777
0.198079;0.6661837
-0.874296;0.1597505
-0.976528;0.5086286
-0.695405;0.6050078
-0.536569;0.536686
-0.393086;0.1979306
-0.02073;0.591093
0.2177774;-0.231667
-1.089231;0.0474404
-0.114243;0.0540871
-0.663146;-0.566207
-0.422428;0.0402638
-0.914601;0.498472
0.4449814;-0.306984
1.099791;0.5092258
-1.286699;0.032043
-0.176482;-0.138264
-1.312237;-0.230942
-0.394445;-0.239167
0.2643664;1.24299
-0.453057;0.5586462
-0.211653;-0.108582
-0.906553;0.9513717
-0.295266;-0.005646
-0.807363;-0.081226
-0.162994;0.3297508
-0.279076;0.2937068
0.6206008;0.1362641
-1.05121;0.0517581
-0.063648;-0.484637
-0.43699;-0.135154
-0.254649;0.34567
-0.625751;-0.262523
-0.373303;-0.233883
-0.411396;-0.625197
-1.152404;0.1031262
-0.80754;0.1244154
-0.398832;-0.30404
1.1784015;0.4215337
-0.375406;0.1833553
1.1091938;0.0162795
-0.683449;-0.313448
-1.077356;0.0135149
-1.071971;0.4146218
-1.274767;-0.368507
-0.335081;-0.429582
-0.399742;-0.462077
-0.495125;-0.34312
-0.545388;-0.27512
-0.229174;-0.166527
-0.675712;0.4621268
-0.865471;-0.114678
-0.455162;-0.09005
-1.316947;0.037693
1.1831405;0.4508856
-0.25625;0.0716593
0.553238;0.1925114
-0.820572;0.2062512
-0.240044;0.2857936
-0.415788;0.0003456
-0.519579;1.0122048
-0.472995;0.7192224
0.1667993;-0.684182
-0.552916;-0.29571
-0.074173;0.7443062
-0.639087;0.5552464
0.3897904;1.1890643
-0.318751;-0.203432
0.1689961;-0.096312
-0.951747;0.7148107
0.0412246;1.2033548
-0.523041;-0.153867
0.1337175;1.0835176
-1.295825;-0.211481
-0.53709;0.4445931
-0.583292;-0.168523
-0.240789;0.2810075
-0.919463;-0.109271
-1.026751;0.0461977
-0.465654;0.5675067
-0.208245;-0.052731
-0.959014;0.773849
0.0096169;-0.312075
-0.607328;0.3949096
-0.313307;-0.121962
-0.770514;0.3171588
-0.134727;0.2927065
0.008683;-0.522378
-0.679783;0.664449
-0.330251;0.7570859
0.8045584;-0.152684
-0.81227;0.319986
0.7542502;0.7475374
-0.568221;0.3777696
-0.173399;0.4155099
-0.32664;0.2479654
-0.1143;0.0489337
0.1423218;0.4506752
-1.069108;0.4200223
-0.226466;-0.258533
-0.701689;0.065154
-0.657927;0.259105
-0.569325;0.587583
-0.186192;0.7502149
-0.434867;0.1547176
1.1011022;0.362103
-1.19975;-0.344303
-0.439656;-0.046497
-0.720464;0.2143628
0.7548459;0.3357146
-0.644018;0.3084883
-0.699243;0.4169887
-0.855437;-0.444085
-0.884186;-0.449266
0.6966041;0.7786877
0.8615999;0.7718852
-0.835152;0.1401152
-0.787571;0.1491016
0.1096071;0.1992231
-0.059823;-0.383685
-0.02144;-0.295084
-0.275027;-0.096164
0.4018041;-0.458842
0.0597428;0.639418
-0.031356;0.5027682
-0.348376;0.8575306
-0.796429;-0.038398
-0.72165;0.764382
-0.593387;0.1726441
-0.873151;0.0258922
-0.106916;-0.542446
-0.491894;0.8259768
0.7041854;0.1973296
0.0528727;1.1949437
0.1158253;1.2532914
-0.585155;0.535263
-0.397708;0.7939182
-0.255045;0.3116017
-0.087554;-0.409268
-0.847983;0.7893158
-0.428901;-0.049649
0.3313455;0.544382
-0.300788;0.0894615
-0.13622;-0.392841
0.1832251;0.7234942
-0.119928;0.1083214
-0.143342;-0.341921
-0.588533;0.7301941
-0.455275;-0.564029
-0.032697;0.3250863
-0.415609;-0.010789
-0.940327;0.9013244
0.7190741;0.9079551
-0.405017;-0.17583
0.0904361;0.753915
-0.6671;-0.210408
-0.215859;-0.035742
0.6153032;0.5786266
0.6075475;0.6689556
-0.503341;0.3255588
-0.807746;-0.00972
-0.917004;0.1161236
-0.462473;-0.077562
-0.535947;-0.051737
-0.504905;-0.086908
-0.635773;-0.027681
0.5368269;0.3328589
0.4283503;1.0612949
-1.351531;-0.036388
-0.566908;-0.196908
0.6749373;0.8666463
0.423242;0.3535453
-0.466698;0.0351063
-0.374599;-0.011404
-0.972969;-0.116564
-0.999514;0.0778692
-1.031253;0.5717049
-0.519971;0.0219411
-0.72713;0.421784
-0.55886;0.0667216
-0.513045;0.4252077
0.0299173;-0.242039
-1.108029;0.3120091
-0.389352;-0.262566
-0.435679;-0.075187
-0.42272;-0.068003
0.0488916;-0.317261
0.4967099;0.3830657
0.159625;0.3528463
-0.02625;-0.090046
0.450363;1.1171364
0.6896224;-0.025498
-0.605379;0.3441439
-0.609651;0.5229169
-1.223984;0.4596634
-0.277202;0.4791924
-1.11928;-0.147609
1.3670729;0.2310321
0.7150353;0.4093455
-0.34508;-0.261173
-0.150199;0.3527041
-0.183869;-0.259022
-0.428287;0.4761815
-0.099175;-0.655852
0.4930954;0.0235203
-0.605128;0.5423405
-0.78001;0.6097916
-0.458117;0.0016075
-0.496071;0.3743526
-0.804976;-0.058906
-0.339059;0.0054803
-0.299241;-0.629715
-1.252761;-0.102687
-0.743327;0.1074264
0.7961644;0.1913235
-0.381281;0.2751025
0.1970794;0.296163
-0.000329;-0.405211
0.5561543;0.3356444
0.2637335;0.3916698
-0.189671;-0.446114
-0.893273;-0.326257
0.1760979;0.1231314
0.4642573;0.5159944
-0.039596;0.3049501
-0.881346;0.978972
0.0913397;0.5268375
-0.503;-0.465782
0.3144621;0.5390481
0.8115122;0.151925
0.0224923;0.252086
-0.158228;0.5334272
0.7969249;-0.05036
0.0862855;-0.238109
-0.566021;-0.138756
-0.179418;-0.595095
-0.432727;0.2755824
-0.781599;0.5718858
-0.357809;-0.162253
-0.758382;-0.026254
-0.097319;0.3011739
-0.965349;-0.060631
-0.502719;0.2598574
0.9089856;0.1943917
-0.14894;0.1883434
-0.125057;-0.172861
-0.022032;0.4023317
-0.133219;0.1925682
0.7313663;0.8587803
-0.318997;0.1150961
-0.082348;-0.105313
-0.733415;0.8316552
-0.68767;-0.549249
1.0182445;-0.173287
0.1692989;0.3823271
0.3322322;0.0038873
-0.747642;0.8850921
0.397159;0.6381114
-0.189845;0.6216981
-0.199664;0.1844599
-0.405523;-0.594775
-0.563918;0.3341628
-0.372998;-0.560166
0.0964669;0.4661264
0.0442648;-0.092326
-0.39881;-0.178325
-0.862811;0.8160107
-0.713835;-0.616164
-0.625628;-0.310707
-0.938048;0.2579908
-0.012558;-0.366266
0.39456;0.0285126
-0.518312;-0.427023
-0.568627;0.5829114
-0.154218;-0.209764
0.1628621;0.6356843
0.5500742;0.8904398
-1.014959;0.0567158
-0.594785;-0.118713
-0.162499;-0.095289
-0.289019;-0.416963
-1.150184;0.170262
-0.24358;0.550809
-0.058438;0.6006983
0.0322715;-0.761287
-0.602357;-0.240171
0.7969231;-0.07422
-0.197771;-0.189166
0.4991368;0.3162713
0.7735533;-0.040654
-0.717932;0.5834527
-0.728283;-0.066344
-0.012627;0.0621736
-0.303754;0.8678766
0.1682087;-0.327271
-0.09037;0.5185614
-0.404267;0.4067333
-0.508792;0.1943878
-0.222936;0.6234673
-0.342413;-0.721078
0.0357538;0.6094353
-0.608582;0.4821
-0.457776;0.2366953
-0.375615;-0.594368
0.3141262;0.6841008
-0.184296;-0.282974
-0.17228;0.391793
0.5135768;0.712605
-0.52084;0.1378031
-0.300105;0.5296065
-0.103931;0.2189049
-1.198854;0.2618021
0.5241839;0.2709557
0.6572445;0.583995
-1.246981;-0.291872
0.8872057;0.6635149
-0.44417;0.3776237
0.2388608;0.4618546
-0.640142;0.0758257
-0.661366;0.3215238
0.5758216;0.1447237
-1.203644;0.0753247
0.3027346;1.2269462
-0.127355;0.153141
0.1498394;-0.286292
0.0583799;-0.337099
0.9518511;0.82217
0.3157921;0.6954008
-0.242584;0.271082
-0.550522;0.0741774
-0.505535;0.4514473
-0.543882;-0.031224
-0.23244;-0.030337
-0.935199;0.5507851
0.2601148;0.2929747
-0.088054;0.5870764
0.9120221;0.2531184
0.5395162;0.0664514
-0.917875;-0.044945
0.2163536;-0.148962
-0.786531;0.7712661
-0.232618;-0.24226
-0.466279;-0.317057
-0.466502;-0.008031
-0.333668;-0.306586
-0.159401;-0.729882
-0.675736;0.3463775
0.5513863;1.0844043
0.0355025;-0.38612
0.2840785;-0.317425
-0.641367;0.3261124
-0.838444;-0.120821
-0.591201;0.0542289
0.4992636;0.1302135
-0.298489;0.492944
-0.711844;-0.43896
0.2559647;-0.381257
-0.352852;0.0959325
-0.632293;0.1351776
-0.716259;-0.536544
0.0976126;0.8502165
-1.062727;0.097402
-0.653798;-0.297899
-0.422965;0.1810468
-0.43475;0.4626212
-0.281734;0.3719165
-0.006324;0.1156129
-0.466154;-0.237894
-0.735267;-0.632703
-0.456772;0.2120167
0.539569;0.7990133
-0.314616;0.6807754
0.088944;0.8041704
-0.828277;0.6829652
-0.820838;-0.185196
-0.485983;-0.108869
-0.009163;0.1017813
0.2691516;0.3502299
-0.211077;0.9458232
-0.471977;0.2126188
0.1347229;0.0208292
-0.329649;0.5964399
-0.649098;0.3073356
-0.655556;-0.706025
-0.89002;-0.304082
-0.770833;0.2044514
0.6788377;-0.453158
0.0276281;-0.06153
0.3328549;0.7353861
0.5698168;0.1981592
0.2489775;0.5235397
-0.266339;-0.583528
-0.42822;-0.399167
-0.279786;0.3056779
-0.229194;0.1177747
-0.505345;0.267179
-0.402137;0.6801122
0.0329457;0.3498831
0.4395045;1.1753119
-1.087891;-0.599607
0.9312382;-0.037777
0.3342456;-0.644612
-0.676534;0.2107022
0.0293226;-0.111798
-0.476894;0.156647
-1.106158;-0.194723
-0.071874;0.3850258
-0.642934;0.4626701
-0.28055;0.3237573
-0.988025;-0.286803
-0.318076;-0.711004
1.0178551;0.4667108
0.0425002;0.1058106
-0.360016;0.1018402
-0.487237;0.867857
0.4088924;1.0963667
0.5235106;0.3134374
-0.559481;-0.543877
-0.057359;-0.018137
-0.873258;0.5201531
-0.006946;-0.550591
0.5700969;0.2321348
-0.21258;0.0426803
-0.494942;0.5586433
-0.571669;1.0785999
-0.21343;-0.2415
0.2212508;0.7480127
-0.844441;-0.236201
-0.093076;-0.126656
-1.054515;-0.145013
0.1293481;0.3934258
0.2422805;0.0258852
-0.69117;0.3276656
-0.551845;0.1683025
-1.147469;-0.118285
-0.028931;0.7441427
-0.096766;0.1195081
0.7646974;-0.011915
0.6608036;1.0208367
-0.073332;-0.312012
-0.737726;0.9062773
-0.73771;0.7465766
0.0115821;0.1716839
0.0174864;-0.372718
0.4675284;0.3613733
0.050554;0.5545899
0.001779;-0.184379
-0.925044;-0.015425
0.340545;0.4064856
-0.842161;0.409581
0.5952313;0.7424252
-0.823824;0.2139301
0.2431451;0.63502
-0.633221;-0.33615
0.3395674;0.2181895
-0.167844;-0.307462
-0.426874;0.1915059
-0.775685;-0.209053
0.6165878;0.232847
-0.36142;0.0956507
-0.668679;-0.222823
-0.071483;-0.245627
0.5390503;0.3159441
-0.29752;0.5958672
0.650515;0.0787907
-0.812084;0.420844
-0.254875;0.3421251
0.5660933;-0.012956
-0.540488;-0.168735
0.1858457;0.4373813
-0.558947;0.4454244
0.9202587;0.4550639
-0.36562;0.8832753
-0.403295;0.5714761
-0.203306;-0.413532
-0.656093;-0.589555
-0.71118;0.1659069
-0.531738;-0.212409
-0.177279;0.0251694
0.9322257;0.0526414
-0.163425;-0.21741
0.0789425;-0.189978
-0.241364;0.5414345
-0.740963;0.247467
-0.208672;0.3705126
-0.634428;-0.269872
0.8721627;0.9639876
-0.428288;-0.32297
-0.252979;-0.345104
-0.354162;0.3287592
-0.585546;0.2838736
-0.633486;-0.141676
-1.131845;0.5305162
-0.274964;-0.005559
-0.793892;0.5893731
-0.171493;0.8746613
0.6287952;0.3036622
-0.789876;0.029473
-0.29778;0.2789599
-0.185112;0.1661111
-0.536914;-0.003917
-0.25636;0.6525802
0.1721054;0.2720812
0.2095525;0.5355445
-0.287344;-0.003368
-0.257479;0.0490301
-0.52214;0.3498873
-0.032247;0.5501483
0.0621275;-0.19331
0.587063;-0.210508
-0.925334;0.515356
-0.337944;-0.154474
0.521462;1.0739752
-0.431355;0.1569497
-0.840798;0.1395939
-0.766097;1.000475
0.2572447;0.6914378
-0.210189;0.6325414
-0.421017;-0.301772
-0.681031;-0.693736
-0.904877;0.8807113
-1.028309;-0.064342
-0.454239;-0.464233
-0.247982;0.6890106
-0.429353;-0.093591
-0.383019;-0.039724
-1.053532;0.0951746
0.1734892;0.761595
-1.109825;0.5481656
-0.59034;0.4406884
0.9161351;0.054895
-0.868023;-0.220741
0.9794491;0.241224
1.0641031;0.0153224
-0.509259;0.3372452
-0.386057;0.2546653
-0.226798;0.1371706
0.0144343;0.639422
-0.909806;-0.033541
-0.782309;-0.046222
-0.776133;0.3013515
-1.139664;0.4472258
0.0679213;-0.023522
-0.379021;0.4375987
-0.610703;-0.141053
0.7155857;0.6552252
-0.733223;0.2357141
1.0055624;0.8524918
-0.525036;0.180341
-0.07908;-0.290709
0.0109372;-0.186508
-0.501244;0.4590964
-0.488437;-0.388359
-0.069645;0.1860362
-0.743871;0.6870529
-0.928399;0.5095773
-0.463328;-0.106348
-0.013109;-0.212998
0.2101557;0.0198517
0.1592297;-0.348654
-0.567271;0.0046737
-0.879956;-0.784275
-0.416823;-0.181939
0.5242264;0.4021427
-0.455542;-0.734287
0.7351635;0.1856651
-1.32964;-0.227523
-0.308029;0.1378257
-0.743263;0.1840866
-0.556067;-0.212798
-0.663849;0.1007525
0.4815107;0.1812122
0.0229859;-0.522686
0.9959528;0.0277136
0.6532341;0.1736213
-0.523686;-0.095389
-0.526548;-0.054642
-0.051973;0.8038036
-0.303658;0.5861414
-0.463674;0.1886425
-0.34408;-0.015913
-0.610189;-0.480847
-0.37214;0.5296705
-0.997103;-0.477267
-0.226865;-0.506832
-0.205662;0.1305023
-0.135279;-0.129887
-0.947563;0.0905763
0.6015433;-0.001869
-0.235654;-0.024835
-0.881258;0.496867
-0.470414;0.1703033
0.6985971;0.6755005
-0.381428;-0.087061
-0.948334;-0.207846
-0.522388;0.1209117
-0.082023;0.2081362
-0.493022;0.5246801
-0.09256;0.3638682
0.1049946;0.5058449
-0.310269;0.0847226
0.7990875;0.0892919
0.2178;0.7436722
-0.981322;0.1089232
-0.486274;-0.440577
0.1039314;0.8390655
-0.069955;-0.509491
-0.170942;-0.284087
-0.522748;0.0492937
-0.334813;0.9755952
-0.553018;0.9034928
-0.645828;0.4915069
-0.803944;-0.128114
-0.281449;-0.169623
0.5296192;0.4705254
-0.300917;-0.505277
-0.415832;-0.183075
0.9904791;0.716067
0.2880668;1.1844286
-0.253598;-0.652959
-0.319835;-0.206918
0.0962679;0.4547162
0.6374503;0.6236051
-1.038656;0.4547547
-0.324094;-0.615238
-0.322753;0.2790334
-0.984614;0.8157517
0.7121424;0.2015152
-0.646161;0.1328486
-0.875854;-0.667518
-0.393874;-0.220114
-0.266545;-0.466765
0.8293275;0.8324889
-0.14654;-0.38863
-0.511287;0.5285067
-0.745771;0.3772346
-0.56716;0.0639585
-0.131215;0.6845956
0.421149;0.9557529
-0.177865;0.3244262
-0.305071;-0.504304
0.4729775;0.4151901
-0.421334;-0.507852
-0.69416;0.5469163
-0.107665;0.4963262
-0.080801;0.0516486
-0.060686;-0.239138
-0.821167;0.035606
-0.541167;-0.35845
-0.314698;0.3771215
-1.135492;-0.392746
-1.201285;0.6275271
-0.819363;-0.632168
-0.259884;-0.237726
-0.171785;-0.304734
-0.866577;0.4607665
-0.28098;-0.315243
-0.909663;-0.171019
-0.294819;0.0508316
-0.081391;-0.380824
-0.47051;-0.442656
-0.644726;0.0097359
-0.153838;0.3899363
-0.216353;-0.360267
-0.647056;0.4629712
-0.462511;0.2472745
-0.32115;0.3108086
-0.123119;-0.376628
0.0051238;-0.361758
-0.487676;-0.175346
-0.704984;0.6672545
-0.931859;0.4267458
-0.135054;-0.254853
-1.304004;0.0072235
-0.057199;0.1181574
-1.000835;-0.12283
-0.082976;0.5566092
-0.434225;0.025935
0.1005635;0.9954999
-0.80758;-0.34345
-0.197626;-0.490806
-0.791074;0.2029807
-0.448072;0.9113398
0.1041272;1.2340692
1.100171;-0.197209
0.6502305;-0.147204
-1.112074;-0.661627
0.1182907;-0.42148
-0.026715;0.8448057
-0.182317;-0.287924
-0.126714;1.0778293
-0.402849;-0.308994
-0.479614;0.0774014
-0.0811;-0.624378
-0.29238;0.0510924
0.2762274;0.1518982
-0.859139;0.012296
0.0578043;0.294407
-0.418535;0.0439276
-0.315131;-0.803676
-0.789278;0.064346
-0.231293;0.4576594
-0.945081;-0.402522
0.2227934;-0.529744
-1.290245;-0.339868
0.4414981;0.1261016
-0.184205;-0.416218
-0.344574;-0.420849
-0.556684;0.117347
0.1000168;-0.195013
-0.645913;0.0416958
-0.628528;-0.510053
-0.610328;0.137108
-0.050994;0.4931497
0.0273725;0.5791229
-0.122604;0.471663
-0.988132;-0.116004
0.4661078;0.0079272
0.1345433;-0.424255
0.7983388;0.4135434
-0.208576;0.5751556
-1.137718;0.5597966
-0.866223;-0.572677
0.4889194;0.7980864
-0.481144;0.7680373
1.3312764;-0.139642
-0.935079;0.2959226
-0.792624;0.6470919
0.5284184;0.4596692
-0.262133;-0.0135
-0.709265;0.0801514
-0.449785;0.3358097
0.2591695;0.2292836
-1.084005;-0.292994
-0.130342;-0.188249
-0.719277;-0.041049
0.4495474;0.1517049
-0.22064;-0.889738
0.3233144;-0.027946
1.0579763;0.0997901
0.7544615;0.4264031
-1.096259;0.0563934
-0.015223;-0.042314
-0.580792;-0.590501
-0.095975;-0.087355
0.2871708;1.2803622
-0.209306;-0.191886
0.6698915;0.3544658
-0.580134;0.4686979
-0.266188;-0.325124
-0.866451;-0.043562
-0.14325;0.0963841
-0.805096;-0.235989
0.3685536;1.1671595
-0.61678;-0.222102
-0.877821;-0.136989
0.4884708;-0.539063
-0.527705;0.1290088
-0.619433;-0.76821
-0.202197;-0.034768
0.0949836;-0.499212
-0.542853;0.2471629
-0.56892;0.2354443
-0.164389;0.3599399
-0.246787;0.3147569
0.5242397;0.3976946
0.3660059;1.2270959
-0.400034;0.6456077
-0.586504;-0.139018
-0.177651;0.3805146
-0.141089;0.3736462
-0.45681;0.5968652
-0.789706;-0.251468
0.9111762;0.6631013
-0.116637;-0.374331
-0.502486;-0.110951
-0.73631;-0.406368
-0.543411;-0.857301
0.8446698;0.1486608
0.5425255;0.8739004
-0.007468;0.0627405
-1.075324;-0.318311
-0.75747;0.1449516
0.4281832;0.2363931
-1.105693;0.6865617
-0.397889;0.3231559
-0.466241;0.5050824
0.2011856;1.2891963
-0.148301;-0.232271
-0.857369;0.1296321
0.047155;0.3024686
-0.031386;-0.047097
0.0036492;-0.677543
-0.969605;0.3952232
-0.358937;0.374079
-0.020063;-0.423188
-1.099044;-0.025084
-0.585384;0.4888387
-0.337607;-0.089526
-0.188719;0.2144086
-0.690545;0.4300495
-0.851372;0.6602877
-0.536647;-0.141938
-0.400515;0.1540286
-1.010278;-0.349881
-0.142273;0.2549955
-1.256183;-0.260402
1.2634365;0.17192
-0.427686;0.393783
0.0653071;0.0028149
-0.049691;-0.31856
0.124097;-0.45886
0.22601;-0.119928
0.5289537;0.3934616
-0.176135;-0.461011
-0.276698;-0.526933
-0.567091;0.5376134
0.472956;0.3468641
-0.613401;-0.149645
-0.642677;1.0671134
0.6305366;0.4438098
0.283863;0.466386
-0.989701;0.7186244
-0.169074;0.3976006
-0.400419;-0.083287
-0.341851;0.5847923
-0.1793;-0.078586
-0.823828;-0.524664
-0.952261;-0.400764
-0.428198;-0.152586
-0.720654;-0.594271
-0.942085;0.6073572
-0.729379;0.4267576
0.1632585;-0.421344
-0.126357;0.3450126
-0.054205;-0.215284
0.0098988;-0.432588
-0.354113;0.4252523
-0.314386;0.5521505
0.1626431;-0.087362
-0.493721;0.0637603
-0.485144;0.9151166
-0.208035;-0.285782
-0.731241;-0.528074
-1.008991;-0.388971
-0.873758;-0.405226
-0.17811;0.9024218
-0.722146;-0.11829
-0.437621;0.4807997
-0.933594;0.0215423
-0.395204;0.2231752
-0.950628;0.4976295
0.3792877;-0.321727
-1.302119;-0.192738
-1.017746;-0.354243
-0.398741;0.5632069
-1.173438;-0.178166
0.1666328;0.1064077
-0.603597;0.871179
-0.386713;0.0625428
-0.553121;-0.583406
-0.887306;-0.770724
0.6451625;0.5761393
-0.576964;-0.209626
-0.791878;0.4853022
0.1178101;-0.037963
-0.422594;-0.033647
-0.502961;-0.2079
-0.68859;-0.030037
-0.42177;0.2099742
-0.202839;0.0752916
-1.001718;0.9061324
-0.481361;0.2635405
-0.821028;0.3145967
-0.005051;-0.049127
-0.007144;-0.07305
0.6161518;0.6376633
-0.376378;0.4644618
-0.174535;-0.299002
-0.329075;-0.579688
-0.280307;0.5016834
-0.547286;0.0070079
-0.155119;0.0112276
-0.176195;-0.470698
-0.917368;0.5356788
-0.597972;-0.308563
-0.432325;0.090988
0.1920178;-0.436136
-0.987686;-0.14806
-0.71461;0.1450318
-0.625934;0.7180819
0.2452458;0.6735008
-0.917822;0.1266837
0.9171949;0.2486372
0.4537122;0.8240615
0.1924466;0.0781654
0.2963554;0.1268655
0.4701274;0.7903051
0.0241198;0.3165361
-0.639798;-0.6856
-0.311111;0.1895339
-0.335894;0.7279341
-0.865373;0.1117185
0.5988702;0.9722231
-0.497705;0.0391173
0.0080993;-0.39394
-0.192131;0.0708991
-0.232448;0.7010959
-0.308331;-0.10614
-0.434869;0.4541268
-0.314684;0.0597836
0.8515216;0.6728723
-0.940239;0.3414663
-0.551064;0.5881792
-0.266911;-0.22918
-0.64297;-0.049669
-0.947848;0.7307778
-0.807534;0.2125307
-0.429342;-0.305105
0.1821564;0.5761893
-0.195237;-0.328352
0.989547;0.4973043
-0.215729;1.2737621
-0.426839;-0.087169
-0.221782;-0.230068
-0.882036;-0.387137
-0.46572;0.4235313
-0.762477;1.0879086
0.6475171;0.416792
0.2854269;0.2470967
-0.560758;0.1684574
0.4830195;0.495154
-0.109927;0.3092004
-0.104506;-0.026171
-0.276773;0.1665051
-0.517379;-0.198146
0.3545924;0.9383743
-1.018328;0.2866937
-0.442961;0.1481558
-0.333894;-0.274087
-0.468735;-0.465958
-0.535867;0.4115414
-0.190877;0.5821304
-0.614504;-0.125493
-0.751438;0.3388874
0.1920143;0.7513558
-0.338517;0.0502377
-0.379231;0.1966001
0.0148208;0.8712181
0.3850299;0.2192109
-0.351865;-0.316089
-0.529883;-0.117421
-1.155276;0.5364454
1.0743783;-0.068536
-0.785467;0.5187627
0.5865398;0.3500495
0.0362986;-0.146225
0.0200176;0.3900025
-0.687881;0.4130393
0.0495559;0.2581818
-0.34825;0.8053544
-1.148053;0.2973828
-0.554544;0.0581648
0.044208;-0.273459
-0.164083;-0.218907
-0.277762;0.5188988
1.2349467;0.0340037
0.1412778;0.5505746
-0.803195;0.6528556
-0.71288;0.6021792
-1.226535;0.0678127
0.1780518;0.9482507
-0.45736;0.4478061
-0.035138;0.9687248
-0.558807;0.5980859
-0.487248;0.2676261
-0.183131;-0.071151
-1.100152;0.1530559
-0.42977;0.1788888
0.3757805;0.6644968
-1.081386;0.275785
0.1656871;0.1219658
-0.838657;0.261885
-0.479496;-0.101477
-0.360266;-0.202922
-0.012699;-0.181177
-0.392685;0.3808306
-0.026419;0.299679
0.8396956;-0.077503
0.77888;0.3477692
-0.11565;0.6802816
-0.095695;0.4181281
0.2579196;0.5279432
-1.009186;0.3186158
-0.435494;0.0676345
-0.617726;0.2696512
-1.279428;0.3104617
-0.302513;0.5792087
0.648375;0.0027665
0.7387338;-0.033082
0.5245925;0.6507187
-0.381319;0.7152017
0.0698648;0.5472437
-0.09906;0.0420175
-0.66671;0.73787
-0.314765;0.3210093
0.1861927;0.5150772
-0.262156;0.525395
-0.443749;0.5743525
-1.201286;0.1596484
0.0824991;0.5477484
-0.091938;1.0665733
0.6272189;0.445337
-0.492042;0.5985791
-0.714599;0.2032046
-0.3857;0.9951037
-0.245695;0.3622101
-0.891858;0.3071506
-0.203433;0.2193925
-0.449422;0.217303
-0.329189;0.3396435
0.032026;0.685197
-0.679334;1.111714
0.0477975;0.0178605
-0.162393;-0.540435
-0.331758;0.1456112
-0.089687;-0.073524
-0.804244;-0.44875
0.0251473;-0.70304
-0.131796;-0.370904
-0.021427;-0.71773
0.2713126;-0.516565
-1.037221;-0.04868
-0.640103;-0.182964
0.187094;0.3787791
-0.455899;-0.313035
0.4913867;0.427551
-0.055496;-0.23953
-0.127304;0.7521331
-0.325839;0.1247467
0.7163682;0.1769383
0.1179459;-0.241875
-0.097934;0.0448602
-0.238565;0.6324033
-0.935501;0.8394452
0.0410937;0.3571547
-0.169596;-0.587289
-0.293282;-0.196349
-0.413176;-0.011617
-0.114748;0.4423545
-0.938389;0.5885649
-0.411701;0.1368433
-0.50671;-0.000746
-0.449466;0.4992527
1.1267458;-0.429358
0.6826294;0.0414183
-0.506172;-0.442482
0.866577;0.4867703
-0.088028;0.14083
-0.848877;0.2468207
-0.810088;0.3666192
-0.47919;0.376092
-0.397934;-0.309888
0.2772097;0.1167983
-0.951917;0.8797605
0.1047556;-0.490236
-0.671645;0.4345216
-0.146915;-0.182262
-0.09515;0.288676
0.5027868;-0.644639
-0.695322;0.4438108
-0.472704;0.6300626
-0.197157;-0.376857
-0.32507;0.7849726
-0.224998;-0.154672
-0.216256;-0.186811
0.0649719;0.2133866
-1.072493;-0.095387
-0.578396;-0.45137
-0.513433;0.9055268
0.8535572;0.0592023
0.6855649;0.7602187
-1.222193;0.0912648
0.018831;0.1048747
-1.116861;0.0196623
-0.48212;0.5374491
-0.290956;0.7668537
0.0266518;-0.185105
-1.106827;0.2073897
-0.180388;0.0875273
-0.368061;-0.168352
-0.2049;-0.401175
0.6872876;1.0124754
-0.325022;0.6227511
1.2737851;-0.124042
-0.59411;0.1072678
0.509572;-0.230028
-0.022426;-0.108569
0.5981177;0.8388019
-0.662648;0.650317
-0.15402;-0.099964
-0.21503;-0.410004
-0.077826;-0.523344
-0.819995;0.2327218
-0.426589;0.2730147
-1.110762;-0.016585
-0.501258;0.0039894
0.9530785;0.6482152
-0.034015;0.1102872
-0.026174;-0.040943
-0.874157;-0.759169
-0.296667;0.0128199
-0.295323;0.5280874
0.27456;0.4943466
0.7234529;-0.039917
-0.885582;0.8016525
-0.235298;-0.159768
0.0676079;-0.044813
-0.297013;0.3844826
-0.368467;-0.14821
-0.634555;0.4430529
0.0455605;-0.165621
0.1465318;0.0442675
-0.514661;-0.480887
-0.24636;-0.130593
-0.516254;-0.168792
-0.380383;0.4778441
-1.096524;-0.006596
-0.037715;-0.366359
0.4493306;0.6712812
-0.189573;0.1145364
-0.138931;-0.059499
-0.862357;0.0046865
-0.560125;-0.568396
-0.540707;0.7878953
0.3618059;0.2324269
1.0106717;-0.007519
-1.226495;-0.279205
-0.323007;-0.008087
-0.495201;0.5623303
-0.285719;-0.203477
-0.26168;-0.31599
-0.148666;-0.046441
-0.156776;-0.056089
-1.18483;0.1417121
0.6592226;1.1419942
-0.030994;0.3623151
-0.25625;-0.089411
0.1121021;0.3298402
0.697164;0.096145
-0.493658;0.6069419
-0.578411;-0.312697
0.5475055;0.6925655
-1.248547;-0.355994
-0.207066;-0.529811
-0.165563;-0.080986
-0.749154;-0.366088
-0.42533;-0.262632
-0.209905;0.3481695
-0.393239;0.5617653
0.0474349;0.4673542
-1.141644;-0.636344
-0.18079;0.2442828
-0.423589;0.5549664
-0.271904;0.4912184
-0.542512;0.6637469
-0.199893;0.3221888
-0.655528;0.6855037
-0.190179;-0.1213
-0.613618;0.4941256
-0.225344;0.1333218
-0.104284;0.230704
-0.473514;-0.336362
0.0832313;0.4290533
-0.431032;-0.073814
0.7526981;0.0390555
-0.643204;0.029129
-0.083464;-0.19102
-0.280749;-0.022808
-0.710979;-0.024063
0.8929954;0.0848125
-0.243011;-0.660769
-0.915367;0.3803403
-0.095935;0.3664812
-0.06941;-0.60689
0.5691826;0.2980766
0.1109175;0.1973034
0.499875;0.4691223
-0.142408;-0.250979
-0.766439;-0.23303
-0.501833;0.0669306
-0.784309;-0.217914
-0.292934;-0.030173
0.0039826;0.2612861
-1.26942;-0.03655
-0.523985;0.3285382
0.0484085;0.2300276
0.1703862;-0.301192
-0.449765;-0.368219
-0.343792;1.1569008
-0.227517;-0.594763
-0.085509;0.4235033
-0.082027;1.1931285
-0.651094;-0.441551
-0.177241;0.0226377
0.3016063;-0.427201
-0.507047;0.0805177
0.5402701;1.1858236
-0.030899;-0.061775
0.2046166;0.5106222
-0.297948;-0.120005
-0.549876;0.6817664
-0.013692;0.0106714
-0.545739;0.250361
-0.803721;0.9356358
0.4306532;0.5966078
0.1777904;-0.121397
-0.135621;0.2079848
-0.198408;0.1433781
-0.796962;1.0935282
0.1068996;0.9656965
-0.606445;0.4658778
-0.182361;-0.003509
-0.333152;0.0765555
-0.618746;0.4184364
-0.252754;1.082351
-0.588748;-0.332076
-0.481428;-0.416167
0.1552019;-0.24477
-0.333034;0.0268171
-0.336755;0.6119781
0.1118006;0.318227
-1.008013;0.3891164
0.082935;-0.015694
-0.846937;-0.37221
-0.084948;0.7606789
-0.541411;-0.76608
0.4973196;0.5595566
-0.174871;-0.130624
-0.089146;-0.091402
-0.381638;0.3687934
-1.050989;0.0480278
0.1392952;-0.203059
-1.209684;0.509697
-1.104305;0.6161403
-0.280692;0.1665274
0.0101667;0.0618568
0.3759671;-0.400072
1.1299331;0.4308767
-0.740527;0.2642754
0.7443222;0.7805667
-1.010451;0.1059681
-0.183375;-0.03738
-0.58713;0.3136877
-0.454776;0.3704651
0.2604209;-0.128523
-0.075657;-0.135314
-0.598309;0.5592592
-0.036403;-0.6544
-0.355861;-0.342941
0.0893577;0.2635598
0.4290071;-0.133703
-0.173933;-0.195842
-0.696403;-0.236661
-0.169154;0.3696
0.114488;-0.119086
-0.183303;-0.047922
-0.079929;-0.804291
-0.702162;0.9783393
-0.082499;0.1753672
-0.721692;-0.091639
0.8666945;0.8874129
-0.491296;0.0843064
-0.413512;0.1365735
-0.06748;-0.600427
-0.840609;0.0976081
-0.351279;0.574832
-0.14026;-0.771007
1.1321932;-0.115042
-0.262202;0.2793912
1.0267307;0.4005139
1.1272019;-0.266701
-0.359013;0.3349716
-0.011698;0.3029938
0.1313615;0.1695828
-0.437551;-0.212356
-1.032173;-0.015982
-0.569665;-0.289862
-0.09557;0.0994671
0.0387297;0.1537262
-0.05132;-0.100124
-0.126055;-0.367277
-0.542712;0.6839156
0.4390061;0.1124072
-0.754456;0.0609595
-0.761336;0.2282834
0.4317402;-0.096755
-0.562835;-0.183293
-0.98117;0.5164373
-0.653221;0.72404
-0.462943;0.8235172
0.4401234;1.086202
-0.169935;0.4483821
0.1142475;-0.457931
0.0388254;0.0688846
-0.167139;-0.31635
-0.23081;0.0788622
-0.70714;-0.041664
1.120603;-0.125534
-0.898704;0.3557015
-1.105272;-0.154259
-0.337564;0.2024629
-0.364268;0.0485605
-0.161906;0.3750024
0.2042324;0.2308866
0.0536851;0.0039982
-0.276425;0.2234558
-0.662444;0.0675359
0.2295747;0.3953504
-0.281264;-0.166507
-0.650276;-0.342195
-0.116198;-0.090076
-0.235623;-0.341
0.3338266;1.0764293
0.2988977;0.2841314
-0.644267;0.9763744
-0.002293;-0.139042
-0.820074;0.6651139
-0.259214;0.4021317
0.3175148;0.4917491
0.1824259;-0.167693
-0.304721;0.1794958
-0.831574;0.0972502
-0.64967;-0.146719
1.2634755;0.3718555
-0.441771;0.5249074
0.0970813;0.2464121
-0.65183;0.4900662
-0.273312;-0.531818
-0.146845;-0.303113
-0.8414;0.5472126
-1.234171;-0.013193
-0.113833;-0.467877
1.1010912;-0.321889
0.346454;0.8055245
0.0106949;-0.340821
-0.737592;0.0390677
0.5864673;0.4511302
0.6122828;-0.333818
-0.157859;-0.325438
0.8148961;0.4770531
-0.655554;-0.364724
-0.954672;0.6938531
0.0483858;-0.038227
0.4751978;0.4402203
0.2018826;0.2532369
0.1784299;0.555972
0.4964494;0.0154976
0.494698;0.4178578
-0.082103;0.1047833
-0.004577;0.0946801
-0.531842;1.1045332
-0.989703;0.8889369
-0.534223;0.4656285
-1.190314;-0.406608
-0.266732;-0.164044
-0.847556;0.0306725
-0.41945;-0.013226
-0.040493;-0.258875
-0.202367;0.1134455
0.577853;0.6837601
-0.489663;0.4073344
0.4695726;0.8785051
-0.011044;-0.160591
-0.474509;1.1805608
-0.156206;-0.193099
0.0945815;0.2134801
-0.336585;0.6527292
-0.496375;0.6967611
-0.102892;0.4814758
-0.661472;0.4694594
-0.320132;-0.198211
-0.578753;0.0161554
1.0098124;0.1712553
-0.731284;0.0967727
-0.149255;0.2150609
-0.392566;-0.07177
-0.087616;0.5126139
-0.176693;1.1989561
-0.080154;0.2782111
-0.772121;0.8193132
1.1120029;0.7315502
0.2828488;0.8982975
0.2540669;0.8043563
-0.867603;0.1625615
-0.471422;0.1593582
-0.897076;-0.282795
-0.380205;-0.388112
0.3365617;-0.299594
0.8439836;-0.420513
-0.151939;-0.25887
0.3589199;0.3411675
-0.477425;0.3905853
-0.492028;-0.530113
-0.330795;0.2826521
-0.532055;-0.305589
-0.276995;0.2347669
0.1469198;-0.362426
-0.40435;0.4029754
0.1262337;0.4499944
0.1148394;0.4220817
-0.032028;0.4390248
0.0662854;-0.705653
-0.188256;-0.773346
-0.001984;0.3528925
-0.54672;0.0039812
-0.420388;-0.334264
-1.155873;-0.092605
0.1943549;-0.216188
-0.671269;0.223609
-0.847211;0.4415987
-0.120227;0.120911
-0.340786;0.2113269
-0.714332;0.1691673
-0.368975;-0.355375
-0.613823;-0.3499
0.7735458;0.3191061
-0.587948;-0.823698
-0.99903;-0.415809
0.9426932;0.136369
-0.288201;-0.068048
-0.469054;-0.432143
0.0996013;-0.225455
-0.141933;-0.189665
-0.181266;-0.631563
-0.075604;0.1464152
0.610906;-0.402253
-0.038699;-0.758108
-0.366216;-0.651608
0.2163734;-0.800125
-0.304431;-0.147812
-0.662404;-0.433195
-0.558185;-0.451276
-0.847061;-0.212658
-0.602781;0.0578493
-0.455526;-0.885004
0.013696;-0.604091
-0.293651;0.0844521
-0.933004;-0.194057
0.0193165;-0.142997
-0.982992;0.3419173
0.5034884;0.4044454
-0.745247;0.205395
-0.481059;0.2960317
1.0458775;0.2688664
-0.114746;-0.060552
-0.755272;0.0475241
0.3358303;0.1668325
-0.89745;0.2198304
0.272349;1.238535
-0.478513;0.7014067
-0.036675;0.0005419
-1.05023;-0.486193
-0.803571;-0.11732
-0.997074;0.6821062
0.0090625;0.1625311
-0.333531;0.8525846
-0.700956;-0.26772
-0.610812;0.7604267
-0.854619;-0.265072
0.3572032;0.3532791
-1.156283;-0.590391
-0.66014;0.5270201
-0.446008;-0.300116
-0.711015;0.2071973
-1.212423;0.4538692
-0.758532;-0.202695
0.9653689;-0.002244
-0.728526;0.0884843
0.1449031;-0.610225
-0.178172;-0.27845
-0.174053;0.0112767
-0.097453;0.9471038
-1.104953;-0.114106
-0.297544;-0.095101
1.061358;0.453105
0.5969491;0.8701323
-0.611156;0.2642368
-0.231013;1.2934567
-0.79433;-0.310362
-0.488569;-0.114851
0.5855538;0.7608765
0.2980548;0.3577917
-1.180911;0.1469481
-0.05546;-0.158514
-0.434369;0.8746883
0.1387729;0.0264577
-0.232072;-0.628176
-0.857107;0.4139172
-0.981381;0.1832335
-1.041966;-0.494377
-0.897447;1.0587834
-0.919759;0.0391708
-0.121448;0.2605052
-8.87E-05;0.2670334
-1.277945;0.0245584
-0.026732;0.1347712
0.7028661;0.8736836
-0.69986;0.0826535
0.3144866;0.4447486
0.4318222;0.9653134
-1.028406;-0.170543
1.351498;0.0125598
-0.352431;-0.406501
-0.072462;0.0647062
-0.824683;0.6724363
-0.723092;0.3745625
-0.005565;0.8427838
0.0462336;-0.082381
-0.198624;0.2653032
-1.251145;0.1870375
-0.516502;-0.253784
-1.237002;0.4140172
0.2788356;0.4394604
0.6910742;0.3599817
-0.002418;0.092631
0.7974904;0.2754276
-0.217406;1.0639501
-0.523086;-0.646311
-0.138649;-0.581839
0.1395883;0.6146849
0.6399949;-0.344152
1.0805745;0.2454231
-0.172157;-0.718912
0.3323183;0.3152935
-0.520605;0.7563969
1.0715543;-0.024978
0.5243239;0.3112064
0.3148846;0.2550947
-0.901545;0.6213504
-0.940618;0.6836685
0.379956;1.1333355
0.8178284;1.0690316
0.2261543;0.9698994
-0.042127;1.19165
-0.168067;-0.108836
0.9560204;-0.158355
0.1885851;0.700698
0.7727428;0.6248618
0.7221754;0.1233314
0.5199555;0.7848684
0.0227815;-0.090632
-0.13332;0.2420997
0.9992596;-0.053622
0.1507174;-0.062567
0.5941061;0.8378787
0.5506658;0.3418848
0.9706932;0.0541952
0.2300081;0.2147395
-1.028525;-0.234778
1.2448093;0.3983117
0.5266811;-0.3062
-0.742314;0.8182438
1.0775133;0.5632597
-0.155946;1.2119075
0.4957726;0.3324045
-0.02035;0.5589027
0.7732442;0.8639816
0.3216169;0.1152918
0.2652282;0.147428
-1.015408;0.6219091
0.7554535;0.6153692
-0.835001;0.4326722
0.5782988;0.9071822
-0.204279;1.0901198
0.6901726;0.0583826
0.2663988;-0.518908
-1.120975;-0.48861
0.1569395;0.1750658
0.0864889;-0.119796
-0.874628;0.972987
0.052557;0.0803883
-1.068621;-0.126715
0.7469277;0.2857646
0.7823087;0.253911
0.6251289;0.2958423
-4.69E-05;0.6863026
-0.397775;-0.551928
-0.015402;0.0185945
1.0111256;0.3465094
0.2316492;0.608466
0.5431267;0.5342439
0.123768;0.5503609
0.8118798;0.83567
-0.820863;-0.103241
0.176933;0.3359309
0.3719337;0.8468568
-0.738437;0.2205328
-1.012067;0.3453254
-0.329052;0.1107976
-0.414295;-0.835713
-0.90413;0.5454833
-0.084729;0.0726004
-1.222033;-0.427407
-0.605765;-0.054187
-0.132159;-0.007189
0.663088;0.3042741
-0.690482;0.937283
1.1039092;0.3694727
-1.135404;0.5489584
-0.894461;0.1423732
-0.709739;0.2194786
-0.952115;-0.494188
-0.932336;0.6912834
-0.721058;0.6109161
-0.094007;0.0268045
-1.062977;0.2137004
0.7762341;0.5698747
-0.776833;0.4786473
0.4256632;0.3522158
0.5993944;0.3795063
0.5757458;0.3504707
-0.926306;0.5979353
0.3811166;0.9638412
0.495815;0.9528529
0.0144259;0.8925224
-0.600688;0.6707426
0.3332317;0.7089369
-0.371393;0.5955652
-0.966131;0.8085539
-0.760131;0.8855817
-0.416786;0.7528238
-0.803114;-0.174052
-0.666979;-0.034927
-0.166117;-0.100777
-0.840307;-0.250168
-0.752045;0.0349564
-0.145527;-0.311154
-0.140582;0.1025362
-0.462018;-0.041563
-0.08696;-0.810051
-0.616239;-0.171805
-0.503235;-0.253726
0.0373028;0.1541924
-0.278417;-0.02885
-0.406036;-0.034533
-0.789222;0.0300653
-0.685817;0.077259
0.693127;0.1485043
0.2619586;-0.270342
-0.168737;0.1363982
-0.994899;0.1134388
-0.894827;-0.181494
-0.564417;0.2639292
-0.611295;-0.096565
-0.799289;0.06942
-0.155961;-0.383628
0.0906265;0.1909653
-0.428403;-0.034378
-0.06134;-0.361988
-0.257962;-0.513176
-0.645666;-0.354273
-0.40584;-0.191646
-0.673893;0.3421905
0.440316;0.240438
0.5187285;-0.155315
-0.344974;-0.051446
-0.044327;-0.184753
-0.673629;0.3899503
-0.072193;-0.146185
0.9352083;0.1777387
-0.084534;0.2567662
-0.021096;-0.588599
-1.106344;0.5197179
-0.155993;0.4856716
-1.080912;0.5643095
-0.684736;0.6500571
0.5678595;-0.089232
-0.053161;0.6282957
0.0874796;0.43224
-0.877944;0.4974658
0.0019515;0.1750278
-0.165436;-0.093023
0.0737496;-0.080146
-0.293413;0.0076316
0.1087092;0.0081166
0.6672275;-0.383274
-0.470794;0.5165867
0.0622263;0.1431429
-0.726693;-0.133349
0.8133254;-0.366696
-0.500518;0.5988547
-0.007548;-0.488969
0.1413964;-0.567603
0.5619255;0.7754793
-0.095296;-0.486491
-0.266926;0.0313897
-0.874103;0.6390172
1.1393042;0.359694
0.0101331;0.6391783
-0.856369;0.428108
-0.016103;-0.48681
-0.501989;-0.100026
-0.107143;-0.0859
-0.134298;-0.257606
-0.868059;0.614583
-0.691243;-0.101913
0.3370123;0.3690948
0.2259662;0.7002627
0.2075572;-0.313744
0.1812178;0.07137
0.7310667;0.6855417
-0.188596;0.1601448
-0.147694;-0.472288
-0.309771;-0.271941
-0.058426;-0.551486
0.7280047;-0.161299
-0.527698;0.7770531
-0.050542;-0.544046
-0.853685;-0.09933
-0.336588;-0.323346
-0.243649;0.8262692
-0.939434;0.3158712
-0.632866;-0.056432
-1.14377;0.3989768
-0.504008;-0.597273
-0.177593;-0.048255
-0.454259;0.5574424
-0.44891;0.0013423
-0.060362;0.4613634
-0.762562;0.1727362
-0.117988;-0.11356
0.2976719;-0.414652
-0.310498;0.240947
-0.570279;0.353018
-0.105719;0.8012965
-0.199997;-0.347357
-0.408189;-0.191859
0.4788276;-0.021052
-0.219547;-0.235158
0.7847204;0.6018573
0.6943359;0.5227987
-0.303664;-0.411946
-0.807081;-0.094657
0.5477024;0.1153579
-0.552277;0.4284692
0.3018331;0.3423494
-0.519084;-0.290355
-0.722437;-0.173233
-0.159995;0.1069957
-0.172842;0.0626056
-0.179507;-0.358905
-0.979727;-0.051273
-0.276738;-0.447108
-0.445652;0.9718589
-0.255937;-0.252528
-0.559299;0.0589632
-0.622049;-0.116069
-0.316976;0.0434376
1.2791408;0.3763563
-0.079209;0.2824326
-0.602402;0.3243329
0.0055216;0.6507979
-0.65233;0.4391322
-0.92012;-0.246095
0.2414759;1.3148667
0.1070381;0.6849142
-0.080279;-0.080124
0.6798177;-0.124399
-0.420003;-0.349744
-0.623995;-0.04175
-0.252013;-0.172277
0.2974903;0.9113356
-0.461834;-0.20102
-0.108266;-0.622458
-0.435658;-0.036638
-0.53009;0.4028984
-0.007801;0.3073312
-0.386812;0.0898595
1.3365609;-0.110808
-0.397179;-0.199073
-0.105274;-0.324215
0.6077985;0.6677772
-0.582537;-0.046198
-0.710972;-0.074256
0.106635;0.5437561
-0.317897;0.6568835
-1.169256;-0.14898
-0.504173;-0.595839
0.1815763;0.6628078
0.1028801;0.4160173
-0.093958;-0.485938
0.6078663;0.6660041
-0.389624;0.8749141
-0.118599;0.1307933
-0.62674;0.2061128
-0.719514;0.3256036
0.1219242;0.3702059
-0.462981;-0.079315
0.5745125;0.1813887
-0.594507;0.2258365
-0.247187;-0.503173
-0.549271;0.2006245
-0.51915;0.7322834
-0.577718;0.3259667
-0.057859;-0.190625
0.2116502;0.3458288
0.2493645;0.0999313
-0.100699;-0.055608
-0.086134;0.0310556
-0.546634;0.8161125
-0.879616;0.456242
-0.40372;-0.444232
-0.784086;0.1266409
-0.237659;-0.001704
-0.417986;0.7151622
-0.54761;0.0548113
-0.240391;0.5285382
-0.882815;0.2004006
-0.644338;-0.146849
0.5244167;0.7310041
-0.079991;-0.430642
-0.342788;-0.377282
0.5429767;0.1519528
-0.552221;0.5556833
-0.365881;0.5517657
0.049416;0.2191632
-0.267784;-0.081847
-0.324162;-0.324452
-0.277139;-0.150119
0.4987355;-0.032702
-0.9336;0.452317
-0.513782;-0.120639
0.0676102;0.1933727
-0.924547;0.2998296
0.4700526;0.6388478
1.3583139;0.0733682
-0.968951;-0.226381
1.0656719;-0.168702
-0.167086;-0.027824
-0.419477;-0.03948
-1.124623;0.3394075
-0.296347;0.0891997
-0.642359;0.8312151
-0.273682;0.0413425
-0.373625;-0.301467
-0.382594;-0.381852
-0.947446;0.029687
0.6763415;0.0336718
-0.021735;-0.242796
-0.303641;0.6409965
-1.068233;0.1218365
-0.209562;-0.762131
-0.268246;0.8385117
-1.097612;0.050572
-0.346999;-0.059846
0.0739508;0.0032765
-0.333224;0.1950174
1.30422;0.4342483
0.0800205;0.6667797
-0.376891;0.3038973
-1.00576;-0.460424
-1.086842;-0.053849
0.1178661;-0.504283
-1.370807;0.1936009
-0.400527;0.4261808
-0.292283;-0.107309
-1.188458;0.8208371
0.1675657;0.0889461
0.6592514;-0.104749
-0.134234;-0.025974
0.5902516;-0.068554
0.0158648;-0.279885
-0.475585;-0.314319
-0.186712;-0.589888
-0.372019;-0.658393
-0.451593;0.3822355
-0.495049;0.0237151
-0.077619;0.0368358
-0.281137;0.6443278
-0.888021;0.5630212
-0.277335;-0.427283
-0.403954;-0.416572
0.5436128;-0.102068
-0.574321;0.1733323
0.1233473;-0.383059
0.6435778;-0.001982
-0.792117;0.2539919
-0.110996;0.3110202
-0.074269;0.4468119
0.4898075;0.5195676
-0.11045;0.4834856
-0.752938;-0.246326
-0.526677;0.4611397
-0.804454;0.2481881
0.3467081;1.3935623
0.1259693;0.7596527
-0.401384;-0.246874
0.7693423;-0.027746
-0.511411;-0.089522
0.1655505;-0.253773
0.1906034;-0.408374
0.4637003;0.825428
-0.356921;-0.659821
-1.096778;-0.357453
0.3458725;0.3489888
-0.123885;0.4986376
0.2228583;0.3553233
0.0932742;0.2381957
0.6343786;0.736917
-0.10812;0.0728607
-0.753596;0.1674966
-0.101265;0.0817133
-0.380372;0.8056494
0.0715653;-0.33457
-0.475112;0.8396813
-0.0739;-0.256208
-0.484219;0.0593653
-0.362064;0.3179279
-0.371654;-0.068609
0.5811587;0.3858934
-0.611204;-0.846847
-1.226441;0.0752167
-0.808284;0.4924
-1.300333;-0.094415
-0.301513;0.3961921
-0.006546;-0.430592
-0.141332;-0.587137
-0.587001;-0.465567
0.5635208;0.3294408
-0.370628;0.4309015
0.7530598;-0.0059
-0.435384;0.1639826
0.4338239;0.7670854
-0.480075;0.2323328
-0.302762;0.9513497
-0.037508;0.9258722
-0.153207;-0.115947
-0.468242;0.0831929
-1.038599;0.4307348
-0.332749;0.0097245
0.3976139;0.2082178
0.0164172;-0.720132
-0.252497;-0.251193
0.3675612;0.2888942
0.0691599;0.1271233
-0.668406;-0.14455
-0.265247;0.8362806
0.1392581;1.2245932
0.3898891;0.3049027
1.3927947;0.0589742
-0.552222;-0.550399
-0.36299;-0.113376
-0.108154;0.0880948
-0.450595;-0.316215
-0.050255;0.0390478
-0.240381;0.6904253
-0.158462;0.5108361
0.0357392;-0.34393
-0.389844;0.70651
-0.063243;-0.713838
-0.044095;0.3103399
-0.28734;-0.154069
0.106507;0.2713734
-0.764204;0.1947057
0.7281277;0.1161918
-0.705618;0.5068746
0.5773783;0.1277523
0.6183881;0.6965842
0.9400149;0.5652908
-0.440001;0.9366255
-0.615832;0.0408644
0.3988501;0.583497
-0.557597;0.2068808
-0.611301;-0.439907
0.5894051;0.4195902
-0.202791;0.3369658
-0.671624;-0.275534
-0.336959;-0.044508
-0.182994;-0.644634
0.2059304;-0.270533
-1.161797;-0.347242
-0.292245;0.0584088
-0.198211;0.5369459
0.3199035;0.2839014
0.3217865;1.1419704
-0.133048;0.3842201
0.8207579;0.6301509
-0.206473;-0.559764
-1.049494;0.1801531
-0.682514;-0.12481
-0.718793;-0.251782
0.0212361;0.186549
-0.474076;0.404363
0.0433514;0.1060461
0.1608759;0.0627337
0.3698931;0.7423111
-0.314279;-0.425381
-0.147983;0.2965108
-0.369916;-0.213016
-0.192705;-0.463106
-0.798784;-0.020666
-0.262596;0.0709476
-0.261923;0.1307669
-0.702318;0.5541645
-0.787642;-0.298056
-0.022069;0.7174943
-0.133706;-0.789689
-0.71175;0.1198024
0.3677985;0.8589593
0.3777856;0.7431847
-0.032507;-0.590388
-0.140419;-0.62418
-0.154898;0.0527124
0.2801186;0.1246449
-0.151305;0.2210118
0.8620539;0.2383625
-0.702868;0.212697
-0.180615;0.4248584
-0.433686;-0.055582
-0.028062;0.1321664
0.426836;0.3495236
0.2336329;0.4844221
-0.895056;0.2447819
-0.235132;0.179929
0.3374904;0.5484867
-0.637541;0.4798093
-0.173861;-0.789141
-1.144999;0.1792344
0.0143063;0.1009993
-0.345946;-0.218394
-0.719311;0.3422349
0.2687968;0.5239915
-0.441777;0.4257224
0.4170291;0.7379462
-0.601061;-0.047417
0.182876;0.469548
-0.307538;-0.168981
-0.344083;0.5779385
-1.234916;-0.243593
-0.606548;0.1113257
-0.792262;-0.319355
-0.451228;-0.300182
0.5284393;0.3797247
-0.603672;0.5234071
-0.46015;0.2176216
-0.265207;-0.001714
-0.64318;0.2743566
-0.065207;0.0468181
-1.150144;-0.009298
0.6024743;-0.364097
-0.355156;-0.238257
-0.300435;0.5909468
-0.610781;0.1052124
0.1076165;-0.006108
0.6599199;0.2501434
-0.626838;0.4269556
1.3018105;0.165077
-0.34621;0.2134745
-0.539745;0.5739116
-0.447089;-0.142852
0.0006821;0.2942855
-0.225255;0.4607232
0.1310134;0.7596175
-0.021681;0.361615
-0.257183;0.0694859
-0.228796;0.2410107
0.0068229;-0.050305
-0.093321;0.4185995
0.6896985;0.4866219
0.4708095;0.4210133
-0.178262;-0.666764
-0.497648;0.6281597
-0.993277;0.2164466
-0.175884;0.4027262
0.5759189;0.6114915
-0.184257;-0.600186
-1.129342;-0.185102
-0.542401;-0.064477
0.6484509;0.5709167
0.5495944;-0.524694
-0.079551;-0.640185
0.0131326;-0.382239
-0.078894;0.1022239
-0.29647;0.1742659
-0.671528;-0.515125
-0.134391;0.7848613
-0.947398;0.8626534
0.0590922;-0.458867
-0.263473;0.3645735
1.0798041;-0.194517
0.4432403;0.6194892
-0.48238;-0.561071
0.5168008;0.6718242
0.214815;0.2979344
-0.008074;-0.354954
-0.229309;-0.479372
-0.907369;-0.137948
-0.549109;0.9128413
0.1308838;0.9868625
-0.467671;0.4325314
0.5273199;0.6298481
-0.101056;-0.365246
-0.480815;0.5960471
-1.235429;0.0019046
0.4906389;-0.036207
-0.61314;0.3297995
0.5653048;0.0914229
0.0706051;0.038722
-0.620968;-0.092195
0.5810024;-0.315215
-0.460735;-0.153039
-0.461287;0.3601638
-0.54186;-0.065146
-0.576552;-0.216207
-0.132673;1.1415585
0.0221918;-0.031575
-1.085568;0.0331904
0.4237284;0.2784841
0.6852149;0.662996
0.7070153;0.2354332
-0.716861;0.137505
-0.435911;0.6883052
-0.160564;-0.534049
-0.452886;0.4467471
0.5168121;0.3340471
-0.151075;0.5102024
0.1897773;-0.580925
-0.146076;-0.693061
0.9222403;-0.236367
0.9265781;-0.137666
0.0129308;-0.421267
-0.847156;-0.044154
-0.241831;0.8836647
-0.049494;0.6465669
0.3067875;0.7746437
-0.243493;-0.318102
-1.217481;-0.124157
-0.560157;0.4768679
0.0046744;0.4446469
0.6287651;0.345834
-1.023201;-0.643493
0.4362273;0.3055263
-0.481429;0.1587697
-0.360476;0.3288371
-0.09466;0.5263247
1.2253516;-0.143228
-0.045345;0.9695109
-0.889987;0.5077342
0.9235966;0.2099725
-0.605474;-0.428647
-0.286153;1.0755078
0.5833988;-0.024184
0.6244758;0.1062942
-0.172212;-0.391966
0.250338;-0.551046
-0.123262;-0.035919
-0.130394;-0.079801
-0.179433;0.4966095
0.396696;0.4934923
-0.545661;-0.061531
-0.471272;-0.476261
-0.574031;0.371823
-0.690623;0.4411028
-0.024211;0.1632392
0.4496153;-0.042896
0.0228814;-0.027025
0.1704472;0.0108615
-0.676339;0.3781767
0.7059839;0.8166409
-0.758146;-0.25694
-0.524037;0.7034344
-0.721516;-0.086614
0.3419754;-0.053159
-1.276732;-0.535686
-0.433201;0.3235198
-0.349213;-0.077182
-0.415261;-0.225127
0.1371888;-0.19538
-0.458401;-0.183565
0.3603169;0.7257239
-0.218975;-0.411253
-0.439629;0.2746423
-0.122356;0.3728622
0.048018;0.6377969
-0.423941;0.2214094
-0.488247;0.8860096
-0.393504;-0.547246
-0.243518;0.5552752
-0.489157;-0.194741
-0.468374;1.0497845
-0.979641;0.0581516
0.2602511;0.4246231
0.0273832;0.2568223
-0.548031;0.1060771
-0.292752;-0.35677
-0.276781;-0.387229
-0.441946;1.055396
-0.148593;0.6231265
-0.334163;-0.726228
0.527043;0.9353448
-0.964275;1.0815399
1.222518;-0.220905
-0.01176;1.0207359
-0.137761;-0.276965
0.391908;0.3786326
0.0085899;0.2945737
-0.385517;0.2094241
0.0718502;0.6872349
0.8583862;-0.127503
-0.47657;0.045235
-1.1534;0.3207226
-0.456777;0.1027155
0.0917378;1.0701357
-0.438162;0.6908412
-0.269416;-0.115529
-0.489686;-0.086368
-0.447888;0.6033777
-0.21216;-0.669945
-0.320851;0.2819248
-0.436584;0.817882
0.6090274;0.1814246
-1.15273;-0.086907
-0.677666;0.0766403
0.7832143;0.9934953
-0.413812;-0.460693
0.3751136;1.1373068
0.2612729;0.3359892
-0.371711;-0.074266
0.7805749;-0.077021
-0.722645;0.6191236
-0.086595;0.6715654
-0.354185;0.5579393
0.5716035;-0.143909
-0.02077;0.081774
-0.193379;-0.63837
-0.515624;0.303393
0.1649338;1.023234
-0.751491;0.2132281
-0.552596;0.0380116
-0.130385;0.2983588
0.3937204;0.106301
-0.169995;-0.098721
0.1050226;0.6164086
0.6390797;0.7779648
0.0556436;-0.421472
-0.284242;-0.234769
-0.099051;0.0760415
-0.556286;0.5133834
0.1140906;0.1819549
-0.210401;0.1850785
0.2131131;0.0234198
-0.587826;-1.117255
-0.19231;0.1709892
-1.302953;-0.097291
-0.164254;-0.776935
-0.396225;0.0730205
-0.756555;-0.300551
-0.638761;0.0285751
-0.341395;-0.289659
0.2960161;-0.340726
-0.18193;-0.292687
-0.144856;0.4353066
0.0171493;-0.150568
-0.448323;0.491608
-0.42241;-0.091003
-0.336962;0.5119181
0.8192487;0.561378
0.0969302;-0.102589
-0.706257;-0.136952
-0.399898;-0.473792
0.1088551;0.255826
-0.650276;0.5347341
-0.053657;0.5345063
-0.420004;-0.26198
-0.256078;-0.127477
-0.010336;-0.03203
1.2355203;-0.068118
-0.539274;-0.039613
-0.818136;0.3790455
-0.997167;0.8178209
0.1119574;-0.220109
0.186965;0.6552829
-0.004294;-0.092634
-0.338203;0.0299918
-0.005823;0.3189438
-0.243388;-0.46797
0.0632933;-0.383652
-0.187124;0.144408
-0.615254;-0.2252
0.2122894;-0.3362
-0.371195;0.3837662
0.2129454;0.5052885
-0.054639;-0.170914
-0.772599;-0.106496
-0.262159;0.1603276
0.0111088;0.1974747
0.2500081;0.2027996
-1.077687;0.7822192
-0.776832;0.744761
-1.244921;0.0872284
-0.116024;0.7392349
-0.480594;0.2180176
-0.532774;-0.221206
-0.536193;-0.070883
-0.390523;0.3280856
-0.13676;0.2369371
0.3356547;0.0596013
-0.993739;0.0720409
-0.95524;0.1125302
-0.565912;-0.373294
-0.278171;0.2151113
0.4410768;-0.683144
-0.367303;0.1968496
-0.239454;0.25539
0.0522979;0.0632872
0.2810664;1.1045539
-0.342863;-0.548748
-0.260117;-0.865099
0.7754005;0.3406818
-0.415288;0.5392915
-0.390278;0.6603944
-0.738837;0.1332966
0.2781091;0.9767028
-0.085888;-0.256256
0.4737147;-0.251463
-0.65183;0.6396796
-1.235415;0.4990405
-0.872517;-0.113331
-0.202439;-0.77634
0.5018009;0.4283168
0.4557684;0.2416055
-0.182496;-0.339162
-1.180598;0.5034708
-0.160555;-0.279073
0.6261115;0.5997251
-0.560036;0.4758529
-0.429678;-0.394997
-0.589347;0.5040404
-0.332116;-0.619304
-0.588073;0.4534572
0.1620493;-0.663936
-0.540428;0.1443578
1.1281782;-0.18031
-0.110593;0.0846787
-0.316426;-0.790371
-0.232175;0.1341106
-0.776678;0.5103513
-0.725463;-0.369457
-0.342499;0.431626
-0.069628;-0.568323
-0.273295;0.1489825
-0.151757;-0.367255
-0.649964;0.1214664
-0.217319;-0.407443
-0.133054;0.2529232
-0.610617;0.0525068
-0.448813;0.3813149
-0.293053;-0.282647
0.1015562;0.5432928
-0.049391;-0.072343
-1.316142;0.4554625
-0.682015;0.0529551
-0.186163;0.0889231
-0.636692;0.4108431
-0.225848;0.201128
-0.171542;-0.292395
-0.245879;1.1013805
-0.296842;0.046961
-0.267491;-0.104291
0.0363501;-0.585336
-0.043219;0.6739384
-0.072852;0.2076345
-0.526625;-0.187724
-0.0331;0.5660685
0.2184607;0.6145832
-0.082112;-0.374159
-0.313758;0.4721486
0.8282697;0.3620795
-1.006842;0.6025738
-0.320648;-0.456927
-0.602948;0.254562
-0.099958;0.4007278
-0.390525;-0.154431
-0.763596;0.3551461
-0.153967;-0.617206
-0.127922;0.2524781
-1.20013;0.327506
0.1565216;0.5520298
0.5645196;-0.058501
-0.919428;-0.431965
-0.04228;0.227874
-0.808773;0.2065058
-0.312745;0.0147973
-0.015289;-0.286673
-0.405555;0.3901041
-0.515939;0.0899143
-0.730831;0.6260811
-0.589018;0.2789981
-0.474036;-0.309645
-0.423482;0.454961
-0.240987;-0.064793
-0.786196;-0.174983
0.0166662;0.1451355
-0.529422;0.6754794
-0.035853;-0.003996
-1.167979;0.7258978
-0.423947;-0.494325
-0.425971;0.199138
0.0478276;-0.549202
-0.679168;0.5347699
-0.928679;0.6246058
1.066557;0.1416812
-0.277979;-0.172808
0.0542803;1.059555
-0.178732;0.4071845
-0.261566;0.6119042
-0.257146;-0.117272
0.384929;0.1405993
-0.639878;0.5570515
0.3292978;0.1902552
0.9982696;-0.001863
-0.110461;0.8359988
-0.675957;0.2670925
-0.512407;-0.446151
-0.077911;1.2502981
0.6629681;0.0784106
-0.267325;-0.257779
-0.305427;0.1856221
0.943082;0.3525478
-0.392722;0.0467462
0.1936922;0.3899566
0.7446515;-0.180291
0.0605937;0.028687
-0.054551;0.6171137
0.1737326;-0.062555
-0.546518;0.3970763
-0.520219;0.6435711
-1.028581;0.4479996
-0.566295;0.1693241
0.1218812;-0.519766
-0.96578;0.5191749
0.5993982;-0.122047
-0.446781;0.4434043
-1.066857;0.0103259
-0.846054;-0.43585
-0.679515;0.7398931
0.0140419;0.2363889
0.2015872;0.836647
0.7426937;0.7669159
-0.00653;-0.339978
0.508369;0.5118793
0.6475684;-0.12411
-0.22879;-0.240159
-0.074394;-0.601376
-0.489055;-0.43955
-0.180062;0.4266937
-0.3108;0.3704263
-0.555789;0.0324756
0.220107;0.324379
0.066226;0.3232802
-0.062213;-0.314695
-0.09113;0.4462685
0.0029069;-0.238903
-0.019749;-0.343208
-0.36884;0.5370512
-0.897488;-0.00321
-0.597864;-0.065143
-0.304734;0.3942754
-1.053309;0.7161836
-0.772906;0.1472625
-0.635044;0.0724332
0.034114;0.3091697
-0.825863;0.1537012
-0.123813;-0.3069
0.1214891;0.2854307
0.0345929;-0.438104
0.5736441;0.3757349
-0.908109;-0.283551
-0.811039;-0.204843
0.7886525;0.0434318
-0.297582;1.39E-05
1.3429187;0.1602503
-0.76869;0.4496271
-0.691593;-0.159365
-0.382543;0.0575311
-0.511897;-0.064812
-0.417989;0.3111227
-1.051976;0.3393976
-1.108095;0.6027898
0.658824;0.3430053
-0.325249;0.3434787
-0.607635;0.7016338
0.1889049;-0.573882
-0.308015;-0.291384
0.9387163;1.0408662
0.023159;0.5584995
0.0102264;-0.081933
-0.889842;0.1503199
1.2443481;0.2898997
0.9403746;0.0376698
-0.101687;0.6701453
-0.801088;-0.168041
-0.568557;0.0295006
-0.104609;-0.259278
0.1918616;0.840072
-0.06943;0.2259952
0.2348444;0.4368051
1.2161316;0.5222924
0.1875211;-0.508966
-0.79847;0.5642773
-0.15819;-0.295343
-0.806725;0.2299567
0.4103879;0.1507054
0.0593018;0.279352
-0.165945;-0.077615
0.6524578;0.3236871
0.2848808;0.5500534
0.8148184;1.1727322
0.0263224;-0.359058
0.6772741;0.6557821
-0.332997;0.0286671
-0.869327;0.6402168
-0.009467;0.4077271
-0.182454;-0.270292
0.0256566;-0.091043
-0.45104;0.5288447
-0.261057;0.3135849
0.0301833;-0.617232
-0.144054;-0.107277
0.0095342;-0.10346
-0.198933;-0.155456
-0.160275;0.3667616
-0.740844;0.5686137
-0.235162;0.0114824
0.7669047;0.5058939
0.8949868;0.1864151
-0.715737;0.5330635
-0.322689;-0.12085
-0.78777;0.1070281
-0.445259;0.1533106
0.2696736;0.6149192
-0.147088;0.094773
-0.064201;0.337809
-0.034543;0.5247465
-0.790314;0.3004249
-0.847158;-0.155322
-0.392705;0.6404451
0.5175973;0.1139997
0.5191211;0.4307495
-0.395887;0.2536872
-0.940283;-0.650958
-0.656896;-0.660612
-1.177527;0.1567713
-0.160716;0.121674
-0.836866;-0.20562
-0.421181;0.2164845
-1.130988;-0.477911
-0.330882;-0.853177
-0.419098;-0.392216
0.0536406;-0.795223
0.5059337;0.7882846
-0.335083;-0.373632
0.6995946;0.5184289
-0.895267;-0.0268
0.0212668;-0.005724
0.0278506;0.2146727
1.4017216;0.2008779
-0.664756;-0.584384
0.5840672;0.5604965
0.0715871;-0.414302
-0.427153;-0.359234
0.4056875;0.3007189
-0.173124;0.0176105
-0.431143;-0.06648
-0.069204;-0.507543
-0.18768;0.2034651
0.0481051;-0.759916
-0.228642;0.0807937
-0.15731;-0.466876
-0.564331;0.1546711
-0.419549;-0.421381
0.2275915;0.5238995
-0.102962;-0.517301
-0.523476;-0.646112
-0.046798;-0.483344
0.1133677;-0.656255
0.7015208;0.2819518
-0.287026;-0.042544
-0.562672;0.0284736
-0.578733;0.0872958
0.6490054;0.502788
-0.57423;0.0337907
-0.833049;0.3400176
-0.224301;0.1666553
-0.287573;1.0336487
-0.028637;-0.28389
-1.276597;0.0878237
-0.135509;0.8239342
0.5905649;0.6054437
-0.331643;0.0484659
-0.563677;0.143341
-0.093332;0.5743606
-0.448879;0.4370645
-0.84399;0.3919662
0.4455587;0.5946989
-0.452117;-0.615327
-0.372942;0.1756103
1.136393;0.1383009
-0.072046;0.2060988
-0.956631;-0.156587
0.0734288;0.2131054
-1.182189;0.0414192
0.1252916;-0.602155
0.8300304;0.1445205
-0.651059;-0.120318
0.2070961;-0.211278
0.5790221;0.3729385
0.0459643;0.2864075
-0.647952;0.0065378
-0.288381;0.2002449
0.8296491;0.1630115
-0.481831;0.9575311
-0.83389;0.876968
-0.341453;0.3422798
0.0974635;0.4162341
-0.757422;-0.519189
-0.681301;0.4274531
0.589691;-0.008489
-0.417273;0.8240045
-0.021915;-0.541248
-0.67124;-0.0087
-1.386994;0.0835393
0.7576506;0.9348089
-0.733383;0.0320729
-0.025541;-0.310588
0.2362499;0.5904473
0.0804785;-0.104263
0.5354437;0.0755853
-0.407116;0.3024421
0.5316926;0.510304
-0.915639;-0.529533
0.0377736;0.7195739
-0.673089;0.8586891
-0.41225;-0.338183
-0.600691;-0.370101
-0.092562;-0.34847
-0.141855;1.0365505
-0.977074;0.0905616
0.0644082;0.3659129
0.1525663;-0.102643
-0.596761;0.6912034
-0.834471;0.5310243
-0.86064;0.2046439
-0.523302;-0.297221
0.8171958;0.4076346
-0.610183;0.991661
-0.801342;0.6402643
-0.556713;0.1234108
-0.552039;-0.206525
0.063439;0.8502859
-0.226621;-0.439345
-0.073618;-0.301278
0.3978514;0.5618014
-0.939864;0.7922698
-0.253047;0.0629101
-0.499091;-0.285974
-0.931138;-0.439779
-0.71429;0.5445781
0.1379552;-0.178508
0.0257215;-0.421398
-0.114795;0.3795667
-0.542873;0.3375496
-0.227597;-0.243891
-0.087093;-0.333137
0.0832361;0.0706069
-0.992623;0.4114013
-0.45093;0.8863697
-0.722036;-0.20232
-1.014069;0.2921909
-0.65044;-0.186724
0.0278344;-0.703842
-0.408129;-0.211626
0.8049585;0.0793374
-0.391415;-0.350656
0.2809668;-0.504462
0.0936604;-0.134282
-0.946937;0.1781968
-0.861375;-0.233893
-0.605259;-0.029801
-0.184265;0.8351256
-0.14513;0.1699885
-0.243883;0.6810957
0.2369698;-0.498143
-0.166801;0.6583875
-0.320709;-0.19632
0.1008419;-0.109084
-0.49669;-0.41854
-0.092939;0.634383
-1.086209;0.5152263
-0.203806;-0.00071
-1.264812;0.4768366
0.568584;-0.149249
-0.280385;-0.304746
-0.230646;0.0778663
0.3528768;-0.026002
0.1688461;0.1181481
0.7539409;0.5242149
0.1111432;-0.630862
-0.90169;0.6649692
-0.340182;-0.098655
0.7031651;-0.312527
0.837343;-0.032092
-0.441949;0.423029
0.5366835;0.8964514
0.0011914;1.465976
0.2392589;0.6111116
-0.420607;-0.431369
-0.309792;0.3166851
0.0941081;0.5118059
-0.349137;-0.497604
-0.404393;0.762304
-0.040036;-0.157156
-0.366964;0.4442322
-0.456635;0.035515
-0.166154;0.30143
0.0751677;0.4836508
-0.462259;0.4043333
-0.393834;-0.482252
-0.041801;-0.165908
-0.939176;0.4741269
-0.773871;-0.122046
-0.221524;0.1071442
0.0295669;1.0381851
-0.411579;-0.151811
-0.5009;-0.12763
-0.591775;0.0542671
0.7933757;0.815323
0.6285904;0.1843855
0.8122969;0.0587375
-0.396866;0.1588472
0.5199341;0.842305
0.9921832;0.6103829
-1.008571;-0.64499
0.1523062;0.219155
-0.541024;-0.001484
0.0329472;-0.093163
-0.982195;0.8607547
-0.412767;-0.185102
-0.503913;-0.075377
0.4227044;-0.407963
0.6449259;0.207281
0.0154005;0.2884497
-0.323941;-0.281308
-0.337794;-0.152184
-0.873171;-0.045543
0.3074617;-0.119863
0.3847289;0.2971275
0.4922738;0.5197541
-0.580669;0.2771998
-0.24722;-0.373443
-0.174624;0.8376393
-0.327277;-0.624129
-0.482597;0.4067375
0.3168007;0.2330745
-0.645446;0.3730157
-0.785591;0.0606653
-0.38968;0.417409
-0.873925;0.8869437
0.0709094;0.3967909
-0.066014;1.137976
0.4241127;0.6823887
0.0233085;-0.449129
-0.526949;0.2527426
-0.183258;-0.266996
-1.126337;0.828015
-0.298069;0.1604258
0.2998647;-0.110551
-1.213318;0.5787364
-0.798295;0.7449513
-0.627159;-0.769178
0.22479;0.8920215
0.0017979;0.4734741
0.6957077;0.2992468
1.1765561;0.3226784
-0.42904;0.1056565
-0.590423;-0.081212
-0.670121;-0.247305
-0.383587;0.3410298
-0.315773;0.513047
0.6369132;0.6446466
-0.253352;0.3781315
-0.043297;0.3732436
-0.683709;0.1723663
-0.586557;0.446436
-0.569294;0.9422833
-0.599884;0.2615025
-0.4869;0.0968712
1.0577882;0.2377418
0.032358;-0.112319
-0.281579;0.638246
-0.154565;0.3524258
-0.459425;-0.380407
-0.000486;-0.295919
0.754689;0.7714258
0.0042153;-0.262955
-0.434492;1.1391
-0.478129;0.1276289
0.193464;0.6018391
-1.066561;0.2013974
-0.787677;0.2459179
0.6139525;-0.123969
0.8216046;0.8498833
-1.075849;-0.340834
0.2668743;0.5083171
0.0677383;0.0381976
0.8951403;-0.034308
-0.221233;0.2578342
-0.09619;-0.151232
-0.190023;1.1161289
-0.895795;-0.4641
0.3913298;0.8184301
1.2288045;0.3244393
0.3165161;0.3586784
-0.768525;0.2796775
-0.113443;-0.286597
-0.239254;-0.371706
-0.39394;0.6747016
-0.083533;0.0685254
-0.306699;0.3480616
-0.071294;-0.501165
-0.851307;0.030102
-0.235135;-0.081205
-0.715068;-0.665488
-0.30164;-0.441375
0.1786936;0.0442315
-0.044387;-0.348588
-0.020828;0.438321
-0.312856;-0.227829
-1.03537;-0.42449
0.3474815;-0.064705
-0.858502;-0.630678
-0.774164;0.6513988
-0.762972;-0.230821
-0.65203;-0.003002
-0.479499;-0.178614
-0.0246;0.3446106
-0.172327;-0.057399
-0.35456;0.3860063
-0.053131;0.2365625
-0.7778;-0.222985
0.1150235;0.14179
0.0075729;0.6586799
0.7739967;0.8042106
-0.30482;0.1905569
-0.250664;0.6344471
0.0830269;0.5576171
-0.496885;0.0684339
-0.93417;0.2851527
-0.60694;-0.080384
-0.405849;-0.348522
0.5149747;0.3290082
-0.347839;0.9109431
-0.747478;0.1779598
-0.819063;-0.161607
-0.329287;0.5024367
-0.699058;0.8423464
-0.155921;-0.403134
-0.674335;0.4575823
0.1465291;0.3720415
-0.330062;0.5912783
-0.590085;0.3154813
0.9661735;0.8503546
-0.215576;0.894212
-0.210583;0.5615772
-0.989443;0.8724656
-0.77113;-0.060594
-0.19344;1.0905219
0.3563302;0.2357937
0.6473186;0.6010721
0.4434087;0.4037274
-0.474123;0.1264549
-0.334605;-0.195891
-0.91402;0.1501866
-1.239434;0.5355665
-0.125689;0.307718
-0.766251;0.1211102
-0.610374;0.0318171
-0.253966;0.2314894
-0.435695;-0.043753
1.104676;0.5818651
-0.406756;0.652337
-0.633505;-0.549377
-0.560159;0.1180631
-0.413328;0.4163131
-0.44735;-0.013366
-0.394739;0.0710875
-0.936951;-0.246605
0.5796793;0.3652708
0.1502285;0.7017807
-0.890761;0.5100732
-0.054301;-0.817672
1.155871;0.7427805
-0.072996;-0.572766
-0.143542;-0.339387
-0.151448;-0.061032
-1.24446;0.0327025
-0.108015;0.3295458
-0.207956;0.2908389
-0.117389;0.6843486
-0.340552;-0.218812
-0.383633;0.4896966
-0.494318;0.5879774
0.6014165;1.0713763
-0.615596;0.3302959
-0.739146;-0.211291
-0.857196;-0.022185
-0.423691;-0.121034
-0.560112;0.2140754
-0.154956;0.5034593
-0.457663;0.1101306
0.6095918;0.1414023
-0.630657;0.6351013
0.044259;-0.08354
-0.044054;0.3757289
-0.370584;0.5454913
-0.461727;-0.466639
0.610453;0.9549451
-0.30052;0.442636
0.9044476;0.0789226
-0.258344;0.3369587
0.6078273;0.9902914
-0.545491;-0.122882
-0.67308;0.7983585
0.7413443;-0.08118
0.5852445;0.1451227
-0.421484;-0.15504
0.1820906;0.6745056
-0.642318;0.6689906
-0.217125;0.2031223
0.4270429;0.4292304
0.2465898;0.3905004
1.075512;0.4449301
-0.335246;-0.150606
-0.20469;-0.62017
1.2284512;0.2475259
0.267296;0.2268939
-0.480125;0.6648421
-0.44386;0.7303077
0.8801327;0.6063554
-0.051272;0.0402639
-0.740021;0.3847266
-1.058755;0.0247095
0.7543396;0.3535882
-0.076702;0.127249
-0.83361;0.688005
-0.123052;0.3422321
0.6919435;0.0780463
-0.107858;1.2561211
-0.060644;0.2627345
0.5079108;0.4619058
-0.366579;0.7573938
-0.256701;0.2820858
-0.181386;0.4611788
0.1148882;0.9087405
-0.244747;-0.493765
-0.692419;-0.15563
-0.045496;0.3719349
0.5767797;0.4344869
-0.614957;-0.162264
-0.936349;-0.139795
-0.364729;0.9482373
-0.20545;0.1088786
-0.113723;0.1337837
-0.369461;-0.131437
-0.195358;-0.181941
-0.448237;-0.069569
0.4097859;0.2256729
-0.047286;0.0075684
0.0114414;1.2346053
-0.952676;-0.327801
-0.082924;0.0508758
-0.746289;0.2195701
0.5648237;0.3751224
-0.694468;0.9834751
-0.157212;0.2782884
-0.1816;-0.171096
-0.503752;-0.571653
0.0972266;0.2210962
0.0427544;-0.086555
-0.034752;-0.497163
-0.792125;0.3056515
-0.19941;-0.206497
-0.515134;-0.342534
-0.086602;0.0787249
-0.539942;0.5937408
-0.394428;0.6621361
0.1538957;0.3866102
-0.414072;-0.211091
-0.420888;0.7623474
-0.833205;0.859186
-0.165485;0.0680075
0.0987141;-0.040256
0.7453498;0.0970187
0.4132142;0.0947782
0.1382039;0.64786
-0.365783;-0.095958
-0.370305;-0.094664
-0.583463;0.8690432
-0.1775;0.3048846
0.5857307;0.6534128
-0.143089;-0.057891
0.5799834;0.1720305
-1.290292;0.4467191
-0.202548;0.4072893
-0.434566;-0.336064
-0.812127;0.2956791
-0.403791;0.2878738
-0.33526;-0.476819
-1.252263;-0.403732
-0.233514;0.0777367
-0.146779;0.0213997
-0.16692;0.4246691
1.0146551;0.7937115
-0.361901;-0.213137
0.1474285;0.1755454
-0.579517;-0.136729
-0.296892;0.0061117
-0.064843;-0.180668
-0.54333;-0.28042
-0.145486;-0.352021
0.3580902;0.5121679
-0.892282;-0.309238
-0.731327;0.7934477
0.7557011;0.4433695
-1.216042;-0.206759
0.4481929;0.1916793
-0.552935;0.1564892
-0.116386;0.0444002
-0.283847;0.1346566
-0.843363;0.2348782
-0.24247;-0.125292
0.1676731;0.5441119
-0.979456;0.159415
-0.14989;0.0656621
-0.318224;-0.384422
-0.013149;-0.000453
-0.064962;0.6160394
0.8275459;-0.145978
-0.012512;-0.248875
-0.977908;-0.064634
-0.380831;-0.095282
-0.93149;0.1656148
-0.572744;0.2799876
-1.003242;-0.409785
-0.275056;0.0141132
-0.020794;-0.160401
-0.60169;0.173771
-0.784607;0.0546051
-0.234902;0.3690956
-0.273352;0.0556465
-0.258475;0.9534034
-0.462738;-0.074858
-0.303153;0.7401412
-0.681067;-1.104264
-0.462586;-0.387822
0.3007369;-0.32316
-0.462719;-0.1406
-0.714185;-0.189998
-0.412093;1.384968
-0.617867;-0.391208
-0.14851;-0.38288
-0.280871;0.0607789
-1.117335;0.4964767
-1.384955;0.4455051
0.8008534;-0.008435
-0.232449;-0.223332
0.2404924;0.2569692
-0.604833;-0.285551
-0.148257;0.3674232
-0.190052;0.1692728
-0.75768;-0.263655
-0.233952;0.1386502
-0.35627;-0.318925
0.5400329;1.2228753
0.0981179;-0.431583
-0.869084;0.2904815
-0.37574;0.3223464
-0.382018;0.2303828
-0.534661;-0.347583
-0.346363;0.56203
-0.099297;1.3261048
-0.339475;0.5778751
-0.589881;0.206366
0.455604;0.97935
-0.20312;-0.501538
-0.165277;-0.157068
0.3379047;0.1570309
-0.054472;-0.044602
0.3672805;0.3720949
-0.511352;-0.117565
-0.525813;0.1912097
0.1877168;0.5114129
-0.277038;0.4232087
-0.421712;-0.099461
-1.254746;-0.59841
-0.330131;-0.48926
-0.717172;0.5918622
-0.053754;-0.567339
0.2723952;0.2107423
-0.403062;0.68591
-1.354051;0.390318
0.6863903;-0.009803
-0.118762;-0.151687
-0.775232;0.4843432
0.6198319;-0.17606
1.0389763;0.7253394
-1.150685;0.2987795
-0.200641;-0.129334
-0.373151;0.2081305
-0.478247;-0.627951
-0.624696;0.4360597
-0.575812;-0.056393
-0.304309;0.5372828
-0.32761;-0.193415
-0.144459;0.3660954
-0.964442;0.4179918
-0.76055;0.4403787
0.0714955;0.3399829
0.4051583;1.1653852
-0.066779;0.3133193
-0.689676;-0.014958
-0.179178;0.4283617
-0.873336;-0.610834
0.1889039;0.2598301
-0.198687;-0.768331
-0.589032;-0.442947
-0.417415;0.1356953
-0.597651;-0.329428
0.158535;0.1268744
0.0948702;0.1096787
-0.582254;1.0881744
0.6710689;0.2864251
-0.188869;-0.158143
0.0907098;0.5241392
-0.709439;-0.363559
0.1274001;-0.294654
-0.951118;1.1800886
-0.97162;-0.303085
-0.300108;-0.051154
-0.05435;-0.171019
-0.04978;1.0416557
-0.951439;-0.003732
-0.663941;0.27347
0.1978623;-0.509981
-0.402726;-0.086594
-0.430169;0.5483597
0.0192754;-0.228962
1.1095542;-0.241943
-0.533619;-0.180699
-0.464249;0.0036318
-0.046948;-0.140555
-0.893787;-0.166407
0.0300057;0.1702244
-0.73903;0.3976314
1.2861622;-0.118658
0.0001463;0.2744207
-0.708375;0.2405887
-0.89803;-0.005813
0.2213472;0.577619
-0.323108;0.1903516
0.2412324;0.3925471
-0.512291;0.1946836
-0.720453;-0.097361
-0.561489;0.3775043
-0.269882;-0.129906
0.2423671;0.5954681
-0.956274;0.6341122
-0.314251;0.395675
-0.902766;0.149082
-0.718749;0.7347657
-0.097111;0.9746674
0.5820237;0.0631074
0.2131229;0.6093574
0.1153694;0.9816703
-0.108392;0.0012162
-0.641057;-0.472441
0.8598061;0.6346437
-0.606692;0.4778739
-0.467537;0.5926113
-0.13187;0.6543232
0.3700313;0.2864553
0.2366298;1.1864181
-0.686399;-0.401529
-0.020401;0.3423208
0.4839574;0.6815533
0.097472;0.0675656
0.6603079;0.0046327
0.2836909;0.9408522
-0.555018;-0.229376
-0.312287;0.5159451
0.0917267;0.2162702
-0.147947;-0.480803
-0.114373;0.2946323
-0.080832;1.1743992
0.8589549;1.1557664
-0.579891;0.9195469
-0.154736;0.0143774
-1.119504;-0.189414
0.1641455;0.2149481
0.406976;0.468827
-0.047656;0.9575211
-1.06433;0.8284854
1.1683987;0.13303
0.4233665;0.0049909
-0.115651;-0.000778
-0.367155;-0.263145
-0.046467;-0.31071
-0.252607;-0.175126
-0.310819;-0.113808
-0.709114;0.0201775
-0.02791;0.964349
-1.079622;0.7302032
-0.66228;0.0017106
-0.379009;-0.330246
-0.804117;1.0531833
-0.607578;0.0035455
-0.22062;0.1804869
0.5015676;0.270269
-0.555704;0.5344015
-0.448533;0.2069397
-0.270002;0.1878067
0.0433015;0.1065338
-0.500356;0.0896182
-0.589743;0.5791183
-0.091676;0.3526186
0.5580707;0.1377535
-0.653558;0.9173339
-0.201925;0.5318372
0.5177927;0.2017154
-0.031832;-0.109942
0.1048478;0.2252625
-0.999362;0.8072472
-0.449123;-0.013772
-0.859839;-0.176007
-0.405041;0.1067972
-0.440194;0.3158953
0.3144932;0.5175464
0.3190455;0.6576686
-0.625584;0.8369438
-0.040352;0.1736175
0.3247498;0.4964443
0.2015358;0.1826155
0.0013747;0.2051683
-0.209895;0.4017402
-0.455771;0.4040949
0.0420471;0.7180511
0.0525337;0.2246191
0.0476663;0.2744826
-0.357485;-0.075325
0.9560471;0.7948908
0.5086875;0.3645748
0.3269538;0.7046658
0.2208655;0.4546394
-0.515306;0.4818226
-0.328962;0.399064
0.4221594;0.3106144
-0.193924;0.8718261
0.1424505;0.1622066
-0.263844;0.1539265
-0.280158;-0.065157
-0.279628;-0.109934
-0.139181;0.1267212
-0.842948;-0.225241
-0.874787;-0.188468
-0.498155;-0.101331
-0.303057;-0.615734
0.9031804;0.2696696
-0.039537;0.0048463
-0.38086;-0.068158
-0.205069;-0.231509
-0.02888;0.0152175
-1.321207;-0.011425
0.1818586;-0.246924
-0.091986;0.1316155
-0.096627;0.0260568
0.2168376;0.3985268
-0.737591;0.1406476
-0.682349;-0.042238
-0.969576;-0.336055
-0.521221;-0.039771
-0.381714;-0.261757
0.0652355;0.0869793
-0.311533;0.1434406
-0.131319;-0.16954
-0.425258;-0.089407
-0.272046;-0.530903
-0.577337;-0.162062
-0.099174;0.0443919
-0.457094;0.1460869
-0.466926;0.0143636
-0.569698;0.1117952
-0.121361;-0.063173
-0.176676;0.1000954
-0.182438;-0.025468
0.1111543;-0.26479
0.5989546;0.5156043
-0.501799;-0.115631
-0.564402;-0.677606
-0.62915;-0.1564
0.2418144;-0.362768
-0.294532;0.0470069
-0.379684;-0.672885
-0.154034;-0.10448
-0.634752;0.4928239
-1.076935;0.3531486
-0.704388;0.1796063
-1.373507;0.0464189
0.1510404;-0.534265
-0.182378;-0.285681
-0.434168;-0.417883
-0.675775;0.751358
0.2677508;-0.653136
-0.087738;0.1654373
-0.881528;0.1264498
-0.228177;0.3489023
0.1314723;0.0222994
-1.043226;0.1418074
-0.040054;-0.20046
0.0457293;-0.14898
0.1149008;0.3554689
-0.032336;0.3307781
-0.877984;-0.172589
-0.110855;0.0100864
-0.295992;-0.199661
-0.344519;-0.017139
-0.243118;0.232363
-0.127477;-0.148887
0.804811;0.3263998
-0.180527;0.4286713
-0.560189;0.2382682
0.0276122;-0.098231
0.0304643;-0.008468
-0.269928;-0.527422
-0.728484;-0.214785
-0.477971;0.0120261
1.109514;0.759633
-0.862925;0.0398259
-0.54066;0.6889159
-0.967007;-0.467544
-0.408831;-0.197382
-0.145033;0.056283
-0.918033;-0.048936
0.6188355;0.7602311
0.0050797;-0.266629
-0.578334;1.2601405
-0.646401;0.7778416
-0.143481;-0.333172
-0.50986;-0.01713
-0.671883;0.4266442
-0.529354;0.3828169
-0.747528;0.4921156
-0.544791;0.7164661
-1.200502;-0.484867
0.1469092;0.5048678
0.0162885;-0.167652
0.0764313;0.0946997
1.1146618;-0.346802
-0.346392;0.1515253
-0.17702;0.1202997
0.5747117;0.8060987
0.5538575;0.9973376
-0.437141;-0.09065
-0.228339;0.19422
0.1487485;-0.458632
-0.679814;-0.483598
-0.105188;0.288345
-0.124555;0.4084185
-0.004238;0.2940358
0.8131271;0.224557
-0.323633;-0.764397
-1.062086;0.4714081
0.5433178;0.0832008
0.0510585;-0.566256
-0.194826;0.3290618
-0.068886;-0.264438
0.1220061;0.4851283
0.3606214;0.924176
-0.210564;-0.097503
-0.978242;-0.279014
-1.310449;-0.240865
-0.406563;-0.121645
-0.342796;0.1917667
0.152328;-0.826539
-0.286102;0.1103536
-1.31813;0.0195485
0.0870314;-0.147089
0.1248275;-0.317778
-0.367416;0.2484383
-0.031187;0.5684154
0.0096031;-0.141668
0.0619307;-0.093255
-0.180636;-0.567472
-0.883368;-0.448603
0.396323;0.2564097
0.827037;0.0140835
-0.886591;-0.285848
-0.982846;-0.444463
-0.201695;-0.508011
-0.763206;-0.637439
-0.119385;-0.248316
-0.21488;0.2560302
-0.805703;-0.070333
-0.276053;-0.551563
-0.587496;0.0036294
0.3906922;0.2651046
0.1054966;-0.022212
-0.708282;-0.733398
-0.770555;0.1954019
0.0534644;0.4689674
-0.086134;-0.255836
-0.813608;0.5166522
-0.477551;0.6482598
-0.134039;-0.52694
0.7534047;-0.198978
0.894575;-0.294958
0.0806781;0.7901411
0.0433707;0.2052209
-0.575523;-0.609148
-0.999866;0.2876999
-0.297151;-0.028516
-0.070974;-0.027955
0.0743114;-0.082787
0.2230479;-0.438381
-1.189125;0.0240188
0.7528752;0.609804
0.8693659;0.4233169
-0.164104;-0.420834
-0.194039;-0.297385
-0.707709;-0.273483
-0.911477;0.7437193
-0.039895;0.4272243
-0.069394;0.6765404
-0.74199;0.4341846
-0.238432;-0.316284
-0.129505;0.3319977
-0.372724;0.4739467
0.0468939;-0.042656
-0.167722;0.0674378
0.5349451;-0.350366
-0.778112;-0.826862
0.0380466;-0.080141
0.1542119;1.0287156
-0.366908;-0.103492
-0.314289;0.0141327
-0.208352;0.4392486
-0.251802;0.3306099
-0.407189;-0.301768
-0.363069;0.5147869
0.1857573;0.5902391
0.5021046;0.4937644
-0.564044;0.2851088
-0.736528;0.269575
-0.091429;-0.470785
0.814927;0.2095014
0.0008344;0.371132
0.6500614;0.6686748
0.3373029;0.7868419
-0.164411;-0.240037
-1.037791;0.4425539
0.4253556;0.3264426
-0.127923;0.5250741
0.6911379;0.6909152
0.129498;0.3061888
0.0089661;1.3838836
-0.508178;-0.763341
-0.847454;0.4000333
-1.074489;0.3546591
-0.275837;-0.136081
-0.229318;-0.173973
-0.118672;0.0667138
-0.457445;0.9597032
-0.524305;-0.016658
-0.391183;0.9316528
-0.395852;-0.301711
-0.40981;0.0061665
-0.011112;-0.181318
-0.242666;-0.150936
0.6748043;0.9141741
-0.452101;-0.606845
0.094201;0.8865886
-0.164058;0.0293553
-0.314677;-0.40398
-0.860484;0.2324577
0.4697789;0.5015467
-1.240063;0.6355378
-0.514742;-0.112666
0.1579483;-0.002937
-0.429982;0.5512638
-1.449752;-0.036282
-0.022753;0.0164459
-1.025601;-0.496864
0.6351411;-0.486191
-0.573849;0.0135976
-0.850682;0.3216447
-0.777179;0.563079
-0.120983;-0.009511
-0.643411;0.1531739
-0.896466;-0.069345
-0.142034;-0.533207
-0.580746;-0.444177
-0.360475;-0.24402
-0.804002;-0.439663
-0.419972;-0.196325
0.1480402;0.462166
-0.700998;-0.15807
0.1004101;1.3824574
-0.729593;0.3519299
-0.73149;0.0704627
-0.177317;-0.013262
-1.10542;0.3517739
-0.200993;0.2986594
1.0232796;0.9317865
0.0560754;1.1642423
0.330191;0.2011222
-1.352328;0.289276
-1.375385;0.1583802
1.0866662;0.7145107
-0.601006;-0.095719
-0.697351;0.07846
0.3579337;1.3103274
-0.600562;0.8524295
-0.243112;0.431501
-0.253242;-0.227009
-0.744858;0.3786598
-0.613605;0.1077659
-0.90512;0.7182967
-0.047642;-0.283285
-0.678294;0.5044443
-0.785388;-0.061534
-0.511178;0.5915191
-0.241898;0.0918843
-0.359839;0.4305781
-0.939952;0.1646429
-0.260733;0.5750389
-0.326803;0.1972572
-0.748616;-0.193252
0.2157941;0.791866
-1.330356;0.3617753
-0.059214;0.0894355
-1.398249;0.0163663
-0.421722;0.3472378
-0.028698;-0.013833
-0.863058;0.0236758
-0.181972;0.2141992
-0.171069;-0.590271
-0.225988;-0.15437
-0.373126;0.2884542
0.3732951;0.6268126
0.1282528;-0.261242
0.3079434;0.0070666
0.5319132;-0.102243
-0.139587;0.0827856
-0.442045;0.460989
-0.777033;0.4987665
-0.83013;-0.211574
0.0835658;0.3561378
-0.487082;-0.085691
0.0365887;0.1082879
1.0305641;-0.212749
0.3015897;0.664056
0.1916111;0.0765561
-0.11662;-0.351023
-0.651951;0.2787136
-0.739853;0.1958684
-0.343185;0.2810505
-0.127229;-0.28393
-1.176386;-0.296882
-0.859238;0.9536517
-0.254994;0.0037918
-0.850715;-0.244956
-0.455655;-0.04543
-0.096758;-0.117409
-1.250315;-0.152163
-0.237162;-0.152757
-1.086145;0.7238627
-0.550287;0.393832
-0.295704;-0.079228
0.2867313;1.007097
-0.865795;0.4700065
-0.288861;-0.263976
0.1206553;-0.431901
-0.084292;0.241637
-0.337618;0.3422485
-0.313605;-0.017378
-0.264546;-0.027787
0.4443295;0.5415855
-0.213994;0.1018671
0.2676557;1.4178434
-0.608346;0.1586938
-0.124171;0.6474723
0.031382;1.0761823
-0.31722;0.6919874
0.1797025;0.4431934
-0.680242;0.3322857
0.2046151;0.6479517
-0.114847;0.2852606
-0.448594;0.1932334
-1.092871;0.4256314
0.2833774;0.406043
-0.686865;0.4337057
-0.326416;-0.058093
0.0395552;-0.359656
-0.2578;-0.401714
-0.27426;0.1568021
-0.104593;0.152633
-0.27171;-0.362167
-0.348625;-0.601759
-0.751733;-0.526493
-0.194033;-0.106319
-0.029468;0.1777935
-0.429526;-0.058731
-0.333814;0.0912886
-0.220801;0.267974
0.164351;-0.28045
-0.52391;-0.005959
-0.348778;-0.064312
-1.266405;0.4435444
-0.458683;0.1659364
-0.43197;0.2874717
0.0516081;0.2000456
0.1561802;-0.063628
-0.419623;0.85572
-0.817575;-0.118039
-0.076141;-0.126165
-0.289232;0.3696112
-0.59633;0.6675937
0.9772459;0.2008195
-0.174862;0.1118147
-0.344348;-0.206739
0.0582379;0.1374353
-0.038081;0.5683316
-0.892382;-0.115978
0.0179103;-0.322055
-0.541384;0.3631879
1.3171401;0.284569
0.6508041;0.8382802
0.0197201;-0.421462
-0.393384;0.0532139
-0.115792;0.038989
0.0273283;0.2085042
-0.272408;-0.54351
-0.220198;0.1312107
-0.867825;-0.587305
-0.122696;-0.230967
-0.417738;0.3338893
-0.401941;-0.086431
-0.465018;0.2677868
0.5227875;0.9098357
0.5890678;0.6453155
0.016918;0.1379276
-0.933405;0.3899846
-0.339739;0.1966896
-0.351192;-0.372254
-0.228728;-0.269577
-0.24087;0.1093281
-1.219245;0.1603152
0.2167289;0.4121336
-0.155343;-0.260876
-0.987427;0.26203
-0.866743;-0.099378
-0.478889;1.2089278
-0.972993;-0.537545
-0.232415;-0.353522
0.2023264;0.0361047
-0.406427;0.6163085
-1.080732;0.2925195
-0.090822;-0.15951
-0.626063;-0.157609
-0.71174;-0.453661
-0.610556;0.4950628
-0.708899;1.0518238
-0.728626;-0.609031
0.3653191;0.5800856
-0.55282;0.1236613
-1.051311;-0.929555
-0.205377;-0.073181
-0.753304;0.1479467
-0.097737;0.2954332
-0.673179;-0.656932
-0.310044;0.1314921
0.0712543;0.4342001
-0.672372;1.0151259
-0.005605;-0.081056
0.6180933;0.3018442
-0.904061;0.5893583
-1.174355;0.1141689
-0.917222;0.2585355
-0.261986;0.2169149
-0.274858;-0.125333
-0.653125;0.265157
-0.522788;1.210525
-0.64101;-0.496807
-0.578368;-0.013729
0.2939738;-0.064141
-0.314575;1.1363127
-0.163216;0.0812191
-0.798454;-0.136889
-1.104459;0.5020651
-0.062309;0.0369806
-1.313951;0.053738
-0.455442;0.5361964
-0.050791;0.2087405
-0.470147;0.4840821
1.2879376;0.2963897
-0.718228;0.8971245
-0.564888;-0.460934
-0.006262;0.4428901
-0.269236;0.7900068
0.0355445;1.0868438
-0.557639;1.0232302
-0.129368;-0.067872
0.3024671;0.5758321
-0.628429;0.4572599
-0.844121;0.8074954
-0.239649;0.8195216
-0.400464;1.1653111
0.0543044;1.2649096
-0.968154;0.6508511
0.2578682;0.9085444
-0.299643;0.8709397
-0.068299;0.448219
-0.597499;0.3727107
0.2456294;0.2762647
-0.221151;0.2846644
0.5573266;0.5736029
-0.250447;-0.683911
-0.489311;-0.427359
0.4276398;-0.273445
-0.01206;-0.197301
-0.663111;-0.442612
0.5811728;-0.110797
-0.703468;-0.681546
0.2765273;-0.566553
-1.148068;-0.660196
1.1030572;0.3870134
-0.645868;0.0434851
-0.785812;-0.625648
0.1353532;1.0925813
-1.243834;-0.184986
-0.128754;0.2443806
-0.713089;-0.302958
-0.65866;0.6825438
-0.693238;0.0419087
-0.829419;0.3409981
-0.777793;0.2022075
-0.764571;0.7311872
0.722683;0.1498969
-0.261512;-0.095669
-0.786444;0.3595256
0.0727837;-0.015694
-1.201233;0.649762
0.5477784;0.3976057
-0.202366;-0.072194
-0.466549;-0.322649
-0.233591;-0.053334
-1.00536;0.1783051
-0.796631;0.1692992
-0.501558;-0.702247
-0.559169;-0.294362
-1.013657;0.3765065
-0.760658;-0.080627
0.831632;0.8934097
-1.061916;0.2610488
-0.024894;1.2413222
-0.785006;0.4518814
-0.515966;0.2568293
-0.451941;-0.585864
-0.251704;0.6339756
-0.553112;-0.17955
-0.806284;0.3356784
-0.984714;-0.110001
-0.398359;0.1355534
-0.732062;0.6639407
0.027442;0.0399246
-0.639807;-0.058566
-0.635162;0.7855364
-0.73805;0.2005184
-1.114482;0.6530366
0.4231505;0.4565248
-0.283665;-0.144173
-0.956828;0.6166539
1.3019753;-0.075779
0.1602926;0.1811164
-0.358193;-0.126443
-1.238251;0.5456286
-0.225783;-0.337485
-0.815276;0.3351033
-0.035836;-0.059678
-0.414717;0.234548
-0.849876;0.4800153
-0.297529;0.3352754
-0.566568;-0.461345
-0.46616;0.6154331
-0.188431;0.5820015
-0.382337;0.7811932
-1.257447;-0.125961
0.2984047;1.2613221
-1.040604;0.9670424
0.3663487;1.1416269
-0.145183;1.0281864
-0.634351;0.8155024
-0.141433;1.1464924
-1.236658;0.2017278
-0.184459;-0.554595
0.683262;0.0217551
-0.451156;0.3998457
-0.505862;-0.507468
-0.29384;-0.681013
-0.699074;-0.603417
-0.850856;-0.367023
0.0819081;0.9023259
-0.784955;0.314002
-0.433726;1.1459207
-0.086692;1.2761976
0.810262;0.7361986
0.8669928;0.406738
-0.559029;-0.30412
0.9311555;0.3605498
0.7143964;-0.112363
-0.714608;0.8416108
-0.537487;0.3316524
-0.974327;0.186594
-0.793802;0.1411947
-0.678356;-0.473898
-0.151158;0.9756446
0.643608;0.2683235
1.179458;0.1577598
0.5174462;0.2925113
0.265067;0.8657548
